incident_zip,total_complaints,AHV Inspection Unit,APPLIANCE,Abandoned Bike,Abandoned Vehicle,Air Quality,Animal Facility - No Permit,Animal in a Park,Animal-Abuse,Asbestos,BEST/Site Safety,Beach/Pool/Sauna Complaint,Bench,Bike Rack,Bike/Roller/Skate Chronic,Blocked Driveway,Boilers,Broken Parking Meter,Building Condition,Building Drinking Water Tank,Building/Use,Bus Stop Shelter Complaint,Bus Stop Shelter Placement,Commercial Disposal Complaint,Construction Lead Dust,Consumer Complaint,Cooling Tower,Cranes and Derricks,Curb Condition,DOOR/WINDOW,Damaged Tree,Day Care,Dead Animal,Dead/Dying Tree,Derelict Vehicles,Dirty Condition,Disorderly Youth,Drinking,Drinking Water,Drug Activity,Dumpster Complaint,E-Scooter,ELECTRIC,ELEVATOR,Electrical,Elevator,Emergency Response Team (ERT),Encampment,FLOORING/STAIRS,Food Establishment,Food Poisoning,For Hire Vehicle Complaint,For Hire Vehicle Report,Found Property,GENERAL,General Construction/Plumbing,Graffiti,Green Taxi Complaint,Green Taxi Report,HEAT/HOT WATER,Harboring Bees/Wasps,Hazardous Materials,Homeless Person Assistance,Illegal Animal Kept as Pet,Illegal Animal Sold,Illegal Dumping,Illegal Fireworks,Illegal Parking,Illegal Posting,Illegal Tree Damage,Incorrect Data,Indoor Air Quality,Indoor Sewage,Industrial Waste,Institution Disposal Complaint,Investigations and Discipline (IAD),Lead,LinkNYC,Litter Basket Complaint,Litter Basket Request,Lost Property,Lot Condition,Maintenance or Facility,Missed Collection,Mobile Food Vendor,Mold,Mosquitoes,New Tree Request,Noise,Noise - Commercial,Noise - Helicopter,Noise - House of Worship,Noise - Park,Noise - Residential,Noise - Street/Sidewalk,Noise - Vehicle,Non-Emergency Police Matter,Non-Residential Heat,OUTSIDE BUILDING,Obstruction,Outdoor Dining,Overgrown Tree/Branches,PAINT/PLASTER,PLUMBING,Panhandling,Pet Shop,Plant,Plumbing,Posting Advertisement,Public Toilet,Real Time Enforcement,Recycling Basket Complaint,Residential Disposal Complaint,Rodent,Root/Sewer/Sidewalk Condition,SAFETY,Sanitation Worker or Vehicle Complaint,Scaffold Safety,School Maintenance,Sewer,Sidewalk Condition,Smoking or Vaping,Special Natural Area District (SNAD),Special Projects Inspection Team (SPIT),Standing Water,Street Condition,Street Light Condition,Street Sign - Damaged,Street Sign - Dangling,Street Sign - Missing,Street Sweeping Complaint,Tattooing,Taxi Complaint,Taxi Compliment,Taxi Report,Tobacco or Non-Tobacco Sale,Traffic,Traffic Signal Condition,UNSANITARY CONDITION,Unleashed Dog,Unsanitary Animal Facility,Unsanitary Animal Pvt Property,Unsanitary Pigeon Condition,Unspecified,Uprooted Stump,Urinating in Public,Vendor Enforcement,Violation of Park Rules,WATER LEAK,Water Conservation,Water Quality,Water System,Wayfinding,Wood Pile Remaining,top_complaint,top_complaint_count,NAME,total_population,median_income,poverty_universe,below_poverty,white_alone,black_alone,hispanic,poverty_rate
10000,24,0,0,0,0,0,0,0,0,0,0,0,0,0,0,0,0,0,0,0,0,0,0,0,0,1,0,0,0,0,0,0,0,0,0,2,0,0,0,0,0,0,0,0,0,0,0,0,0,0,0,0,0,0,0,0,0,0,0,1,0,0,0,0,0,0,0,0,0,0,0,0,0,0,0,0,0,0,0,0,1,0,0,0,0,0,0,0,0,0,0,0,0,1,0,0,0,0,0,0,0,0,0,0,0,0,0,0,0,0,0,0,0,0,0,0,0,0,0,0,1,0,0,0,0,0,13,0,0,0,0,0,0,0,0,0,0,1,0,0,0,0,0,0,0,0,3,0,0,0,0,0,0,0,Street Light Condition,13,,,,,,,,,
10001,632,0,0,2,1,1,0,0,4,0,0,0,0,0,1,0,0,0,3,0,1,0,0,1,1,6,0,0,1,3,0,0,0,0,2,13,0,0,0,0,4,0,1,2,0,1,1,112,0,8,4,9,0,0,1,6,3,0,0,3,0,1,15,0,0,5,0,48,0,0,0,4,0,0,0,0,2,0,1,1,12,0,0,2,4,0,0,0,15,20,0,0,0,42,16,6,3,0,0,5,6,0,4,2,3,0,0,0,0,0,4,0,6,2,0,1,1,0,1,5,2,0,0,1,0,10,7,0,0,1,0,0,18,0,2,0,3,20,5,0,0,0,0,0,0,0,124,0,4,0,0,3,0,0,Vendor Enforcement,124,ZCTA5 10001,25026.0,96787.0,24140.0,2798.0,15880.0,1619.0,3925.0,0.11590720795360397
10002,856,0,4,2,5,1,0,8,1,2,0,0,0,0,0,4,1,1,0,0,1,0,0,1,1,2,0,0,2,5,3,0,0,0,4,10,0,1,0,1,0,0,17,0,0,3,1,33,1,8,0,13,0,0,5,6,54,0,0,18,0,0,6,0,0,3,0,68,0,2,0,5,0,0,0,0,2,0,1,0,2,0,10,4,0,0,0,0,46,112,3,1,6,155,59,12,10,0,0,5,11,0,2,6,5,0,0,0,0,0,2,0,13,3,0,6,0,0,0,1,5,3,0,1,1,14,8,2,0,1,0,0,7,1,0,0,1,11,10,0,0,0,0,0,0,0,1,1,4,2,0,3,0,0,Noise - Residential,155,ZCTA5 10002,74363.0,35607.0,73597.0,20257.0,23574.0,6645.0,19155.0,0.2752421973721755
10003,686,0,2,1,0,4,0,0,2,0,0,0,0,0,0,4,0,1,0,0,2,0,0,0,2,6,0,0,0,0,1,0,2,1,0,10,0,1,0,3,3,0,2,0,0,0,1,79,1,5,2,41,0,0,6,11,11,0,0,28,0,1,36,0,0,5,0,48,0,3,0,2,0,0,0,0,1,0,3,1,2,0,7,8,1,0,0,0,20,37,1,0,13,38,87,8,4,0,0,6,3,0,0,13,4,0,0,0,0,0,5,0,10,1,1,0,0,0,0,1,3,0,0,2,0,15,1,1,2,0,1,0,6,0,0,0,0,8,14,0,0,0,4,0,0,2,3,4,5,0,0,13,0,0,Noise - Street/Sidewalk,87,ZCTA5 10003,54671.0,129981.0,45570.0,4040.0,39951.0,2759.0,4732.0,0.08865481676541584
10004,265,0,0,0,1,0,0,0,0,0,0,0,0,0,0,0,0,0,0,0,0,0,0,0,0,1,0,0,0,0,0,0,0,0,1,1,0,0,0,0,0,0,0,0,0,3,1,4,0,0,1,2,0,0,0,0,0,0,0,2,0,0,2,0,0,2,0,27,2,0,0,0,0,0,0,0,1,0,0,0,1,0,1,0,1,0,0,0,34,35,0,0,0,15,2,0,1,0,0,0,3,1,0,1,0,0,0,0,0,0,0,0,3,0,0,0,0,0,1,1,1,0,0,0,0,6,0,0,0,0,0,0,2,0,1,0,0,2,2,0,0,0,0,0,0,1,98,1,0,0,0,0,0,0,Vendor Enforcement,98,ZCTA5 10004,3310.0,204949.0,3310.0,93.0,2259.0,160.0,193.0,0.028096676737160122
10005,87,0,0,0,0,1,0,0,0,0,0,0,0,0,0,0,0,0,0,0,0,0,0,0,0,1,0,0,0,0,0,0,0,0,0,0,0,0,0,0,0,0,0,0,0,0,0,2,0,2,0,2,0,0,0,0,0,0,0,0,0,0,1,0,0,0,0,7,0,1,0,0,0,0,0,0,0,0,0,0,2,0,1,0,0,0,0,0,10,6,1,0,0,2,6,1,1,1,0,1,0,0,0,0,0,0,0,0,0,0,1,0,1,1,0,0,0,0,0,0,0,0,0,0,0,1,0,1,0,0,0,0,0,0,0,0,0,0,0,0,0,0,0,0,0,1,32,0,0,0,0,0,0,0,Vendor Enforcement,32,ZCTA5 10005,8664.0,184681.0,8664.0,653.0,6326.0,174.0,529.0,0.07536934441366575
10006,97,0,0,0,3,0,0,0,0,0,0,0,0,0,0,0,0,0,0,0,0,0,0,0,0,0,0,0,0,0,0,0,0,0,0,0,0,1,0,0,0,0,0,0,1,1,0,1,0,0,0,0,0,0,1,0,0,0,0,0,0,0,8,0,0,0,0,14,0,0,0,0,0,0,0,0,0,0,0,0,0,0,0,0,2,0,0,0,12,1,0,0,0,7,3,0,0,0,0,0,0,0,0,0,0,0,0,0,0,0,0,0,0,0,0,0,0,0,0,1,1,0,0,0,0,1,0,0,0,0,0,0,1,0,0,0,0,0,0,0,0,0,0,0,0,0,38,0,0,0,0,0,0,0,Vendor Enforcement,38,ZCTA5 10006,3260.0,185268.0,3260.0,205.0,2291.0,156.0,287.0,0.06288343558282208
10007,158,0,0,1,3,0,0,0,0,0,0,0,0,1,0,1,0,0,0,0,0,0,0,0,0,2,0,1,1,0,0,0,0,0,1,1,0,0,0,2,0,0,0,0,0,0,1,0,0,0,1,3,0,0,0,0,0,0,0,0,0,1,19,0,0,1,0,33,1,0,0,0,0,0,0,0,0,0,0,0,0,0,0,1,1,0,0,0,11,2,0,0,1,2,2,0,1,0,1,1,0,0,0,0,3,0,0,0,0,0,0,0,0,0,0,0,0,0,0,0,1,0,0,1,0,3,1,0,0,0,0,0,3,0,0,0,0,5,0,0,0,0,0,0,0,0,40,2,0,0,0,2,0,0,Vendor Enforcement,40,ZCTA5 10007,7566.0,250001.0,6694.0,100.0,5784.0,623.0,1110.0,0.014938751120406334
10009,564,0,2,2,3,0,0,2,3,0,0,0,0,0,2,1,1,0,0,0,0,0,0,0,0,2,0,0,0,5,2,0,0,1,1,9,0,0,0,0,0,0,1,0,0,5,2,19,2,6,0,16,0,0,2,13,13,0,0,33,0,0,12,0,0,2,0,31,1,3,0,0,0,0,0,0,3,0,0,0,7,0,8,4,0,0,0,0,20,25,1,0,2,83,56,22,8,0,0,1,5,1,14,13,6,0,0,1,0,0,2,0,14,8,0,4,0,0,0,2,1,2,0,3,1,6,3,0,0,0,4,0,1,0,0,0,0,5,11,2,0,0,0,0,0,0,0,1,7,1,0,9,0,0,Noise - Residential,83,ZCTA5 10009,58267.0,68220.0,58212.0,14134.0,34556.0,4581.0,13476.0,0.24280217137359994
10010,306,0,0,2,0,3,0,0,1,0,0,0,0,0,0,2,0,1,0,0,0,0,0,1,0,2,0,0,1,1,0,0,0,1,1,15,0,1,0,0,0,0,2,0,0,1,0,46,0,3,2,4,0,0,0,2,2,0,0,21,0,0,16,0,0,2,0,26,0,0,0,2,0,0,0,0,4,0,0,0,4,0,5,4,1,0,0,0,21,6,0,0,0,20,19,2,1,0,0,1,6,0,1,4,5,0,0,0,0,0,0,0,7,0,0,0,0,0,0,0,3,3,0,0,0,5,2,1,0,0,0,0,0,0,0,0,0,6,6,0,0,0,0,0,0,0,2,0,1,0,0,5,0,0,Encampment,46,ZCTA5 10010,34763.0,139188.0,32321.0,3259.0,23667.0,3810.0,3138.0,0.10083227622907708
10011,799,0,0,0,0,13,0,0,0,0,0,0,0,0,0,1,0,2,0,0,1,1,0,7,0,7,0,1,1,1,0,0,1,0,0,48,0,5,0,3,0,0,2,0,0,1,0,155,0,8,1,4,0,1,5,31,0,0,0,14,0,0,33,0,0,7,0,29,0,2,0,4,0,1,0,0,3,0,0,0,9,0,3,13,10,0,0,0,23,22,1,0,1,56,47,5,48,0,0,8,11,0,1,3,20,1,0,2,0,0,6,0,19,3,0,1,0,0,0,3,4,15,0,5,0,16,2,0,1,0,0,0,4,0,0,0,0,6,21,0,0,0,0,0,0,0,10,0,2,0,0,4,0,0,Encampment,155,ZCTA5 10011,50228.0,136208.0,48479.0,4706.0,39014.0,2303.0,6875.0,0.09707295942573073
10012,432,0,3,1,0,0,0,0,0,0,0,0,0,0,0,1,2,1,0,0,2,1,0,1,0,0,0,0,2,2,1,0,0,0,0,8,0,0,0,1,1,0,0,0,0,0,0,22,2,2,0,16,0,0,0,8,14,0,0,16,0,1,12,0,0,4,0,51,0,2,0,0,0,0,0,0,1,0,0,0,6,0,2,9,0,0,0,1,8,27,0,0,0,26,49,4,4,0,0,15,15,1,2,4,0,0,0,0,0,0,4,0,11,3,1,0,0,0,0,2,3,1,0,3,0,8,11,1,1,0,0,0,4,0,0,0,0,7,9,0,0,0,0,0,0,0,7,0,2,1,0,2,0,0,Illegal Parking,51,ZCTA5 10012,23034.0,110490.0,21814.0,2397.0,17165.0,613.0,1915.0,0.10988356101586137
10013,455,0,0,0,2,3,0,0,1,0,0,0,0,1,0,6,0,1,0,0,2,0,0,1,2,3,0,0,2,0,0,0,2,0,0,7,0,1,0,0,0,0,0,0,0,1,2,20,0,8,1,7,0,0,1,9,6,0,0,4,0,0,24,0,0,2,0,53,0,0,0,1,0,0,0,0,2,0,0,1,3,0,0,12,0,0,0,0,11,42,0,0,0,79,35,3,2,0,0,5,18,0,1,0,3,0,0,0,0,0,0,0,6,2,0,0,0,0,0,3,5,0,0,6,0,14,2,0,1,0,0,0,2,0,0,0,1,3,0,1,0,0,0,0,0,0,14,0,1,3,0,1,0,0,Noise - Residential,79,ZCTA5 10013,28657.0,130675.0,26826.0,2352.0,17734.0,940.0,1905.0,0.08767613509282039
10014,493,0,1,0,2,6,0,1,1,0,0,0,0,0,0,4,2,4,0,0,1,0,0,0,0,3,0,0,2,1,3,0,0,1,0,5,0,0,0,0,0,0,1,0,0,0,0,19,1,8,0,14,0,0,3,13,1,0,0,95,0,1,11,0,0,4,0,37,1,3,0,0,0,0,0,0,0,0,0,2,6,0,10,4,2,0,0,0,30,14,2,0,3,22,21,10,0,0,0,8,28,0,1,1,5,0,0,0,0,0,0,0,7,4,0,0,0,0,0,1,3,0,0,3,0,30,4,1,0,0,0,0,5,0,0,0,1,2,5,0,0,0,0,0,0,0,4,1,1,0,0,3,0,0,HEAT/HOT WATER,95,ZCTA5 10014,29071.0,136154.0,28730.0,1666.0,25470.0,484.0,2405.0,0.05798816568047337
10016,586,0,1,0,0,0,0,0,0,0,0,0,0,0,0,1,0,3,0,0,0,1,0,0,0,5,0,0,2,2,0,0,0,0,0,9,0,0,0,0,1,0,1,0,0,2,1,28,1,6,2,13,0,0,3,4,8,0,0,18,0,0,22,0,0,6,0,40,0,3,0,2,0,0,0,0,0,0,0,3,6,0,3,18,0,0,0,0,36,12,33,0,1,67,71,7,4,0,0,0,3,0,1,31,2,0,0,4,0,0,1,0,6,6,2,0,1,0,0,2,2,3,0,1,1,23,2,1,0,0,0,0,4,0,0,0,2,2,10,0,0,0,0,0,0,0,8,3,3,1,0,15,0,0,Noise - Street/Sidewalk,71,ZCTA5 10016,52912.0,124647.0,51681.0,3951.0,36986.0,1764.0,6706.0,0.07644975909908865
10017,231,0,0,0,0,0,0,2,1,0,1,0,0,0,1,0,0,0,0,0,0,0,0,0,0,5,0,0,2,0,0,0,0,0,0,1,0,0,0,0,0,0,0,0,0,0,0,18,0,3,1,5,0,0,0,4,4,0,0,21,0,0,22,0,0,0,0,11,0,0,0,0,0,0,0,0,1,0,0,0,4,0,3,0,1,0,0,0,27,1,0,0,0,6,1,2,1,1,0,3,1,0,0,0,2,0,0,0,0,0,1,0,0,0,0,1,0,0,0,0,4,2,0,2,0,7,2,0,0,3,0,1,6,0,0,0,0,6,0,0,0,0,0,0,0,0,40,0,0,0,0,0,0,0,Vendor Enforcement,40,ZCTA5 10017,16065.0,130417.0,16048.0,1138.0,11723.0,437.0,686.0,0.07091226321036889
10018,195,0,0,1,0,2,0,0,0,0,0,0,0,0,1,2,2,0,0,0,0,0,0,0,0,6,0,0,0,0,0,0,1,0,0,2,0,0,0,2,2,0,0,0,0,1,0,8,0,4,3,4,0,0,1,2,0,0,0,1,0,0,11,0,0,2,0,19,1,0,0,1,0,0,0,0,2,0,0,0,3,1,0,3,0,0,0,0,9,20,0,0,0,4,8,0,4,1,0,4,0,0,0,0,7,0,0,0,0,0,1,0,6,0,0,0,0,0,0,0,4,0,0,0,0,5,2,1,0,0,0,0,14,0,1,0,0,6,2,0,0,0,0,0,0,0,5,0,0,1,2,0,0,0,Noise - Commercial,20,ZCTA5 10018,8135.0,136360.0,8118.0,953.0,4693.0,310.0,1191.0,0.11739344666173934
10019,759,0,3,0,0,5,0,1,1,0,0,0,0,0,1,3,2,7,0,0,4,1,0,0,0,12,1,0,1,4,0,0,0,0,0,22,0,0,0,4,0,0,4,0,0,2,0,88,1,3,3,28,0,0,11,3,4,0,0,25,0,0,40,0,0,7,0,84,0,0,0,8,0,0,0,0,3,0,0,1,9,0,6,1,7,0,0,0,31,27,1,0,0,41,43,35,26,0,1,3,0,0,2,10,6,0,0,1,0,0,0,0,8,4,0,1,0,0,1,1,3,4,0,1,0,13,7,0,1,0,0,0,9,0,4,0,0,10,15,0,0,0,0,0,0,0,34,2,2,0,1,1,0,0,Encampment,88,ZCTA5 10019,45521.0,101651.0,45366.0,5389.0,30126.0,2453.0,8011.0,0.118789401754618
10020,16,0,0,0,0,0,0,0,0,0,0,0,0,0,0,0,0,0,0,0,0,0,0,3,0,0,0,0,0,0,0,0,0,0,0,0,0,0,0,0,0,0,0,0,0,0,0,0,0,0,0,0,1,0,0,0,0,0,0,0,0,0,0,0,0,0,0,3,0,0,0,0,0,0,0,0,0,0,0,0,0,0,0,0,0,0,0,0,0,0,0,0,0,0,1,0,0,0,0,0,1,0,0,0,0,0,0,0,0,0,0,0,0,0,0,0,0,0,0,2,0,0,0,0,0,3,0,0,0,0,0,0,1,0,0,0,0,0,0,0,0,0,0,0,0,0,1,0,0,0,0,0,0,0,Commercial Disposal Complaint,3,ZCTA5 10020,0.0,-666666666.0,0.0,0.0,0.0,0.0,0.0,
10021,285,0,0,1,3,0,0,1,4,0,0,0,0,0,0,1,0,1,0,0,1,0,0,1,0,1,0,0,0,3,0,0,1,0,1,8,0,0,0,0,1,0,2,0,0,0,0,7,1,4,0,1,0,0,2,6,1,0,0,17,0,1,3,0,0,2,0,44,0,2,0,1,0,2,0,0,3,0,0,1,7,0,0,7,0,0,0,0,14,4,0,1,0,17,15,2,1,0,0,1,1,0,2,9,0,0,0,0,0,0,0,0,7,1,1,1,2,0,0,2,3,1,0,1,0,9,2,1,0,0,1,0,5,0,0,0,0,7,3,0,0,0,0,0,0,0,10,0,0,0,0,19,0,0,Illegal Parking,44,ZCTA5 10021,42253.0,130968.0,41742.0,2193.0,35183.0,119.0,2165.0,0.05253701308035073
10022,267,0,1,0,1,0,0,3,0,0,0,0,0,0,1,0,0,1,0,0,0,0,0,0,0,3,0,0,0,0,1,0,0,0,2,10,0,0,0,0,0,0,0,0,0,0,0,5,0,4,1,10,0,0,1,3,3,0,0,5,0,0,11,1,0,2,0,32,0,1,0,0,0,0,0,0,9,0,0,1,9,0,7,4,3,1,0,0,12,3,0,0,0,26,2,1,1,0,0,5,0,1,2,3,2,0,0,0,0,0,0,0,2,2,0,1,0,0,0,2,6,1,0,1,0,23,3,1,1,1,0,0,4,0,0,0,2,7,6,0,0,0,0,0,0,0,6,0,0,0,0,3,1,0,Illegal Parking,32,ZCTA5 10022,31574.0,138661.0,31123.0,1581.0,26359.0,435.0,3069.0,0.050798444879992286
10023,583,0,1,0,1,3,0,0,2,1,0,0,0,0,0,2,0,5,0,0,2,0,0,0,0,1,0,0,3,5,1,0,0,3,2,9,0,0,0,0,0,0,2,0,0,2,0,12,0,8,0,8,0,0,1,6,0,0,0,5,0,0,43,0,0,1,0,41,0,1,0,1,0,0,0,0,4,0,0,2,8,0,1,6,3,0,0,0,17,10,162,0,2,24,14,4,0,0,0,0,3,2,2,8,14,0,0,1,0,0,5,1,6,5,2,1,8,0,0,5,5,2,0,0,0,16,5,1,0,0,0,0,5,0,0,0,1,1,4,0,0,0,0,0,0,0,9,1,1,1,0,39,0,0,Noise - Helicopter,162,ZCTA5 10023,62228.0,137347.0,60625.0,4010.0,48343.0,2776.0,5283.0,0.06614432989690722
10024,447,0,0,0,0,4,0,0,0,2,0,0,0,0,1,0,0,4,0,0,3,0,0,2,0,1,0,0,2,5,4,0,0,1,1,10,0,0,0,1,0,0,2,0,0,4,1,8,4,6,1,1,0,0,3,3,0,0,0,22,0,2,17,0,0,2,0,59,0,2,0,1,0,0,0,0,1,0,0,0,1,0,3,4,0,0,0,0,40,20,5,0,0,43,16,8,2,0,0,4,3,2,7,5,0,0,0,0,0,0,3,0,25,16,0,2,1,0,0,1,2,1,0,0,0,18,1,0,0,0,0,0,3,0,1,0,0,12,10,0,0,0,0,0,0,1,3,0,4,0,0,0,0,0,Illegal Parking,59,ZCTA5 10024,60714.0,137126.0,60051.0,4803.0,50515.0,1773.0,6555.0,0.07998201528700605
10025,805,0,7,0,2,9,0,10,2,0,0,0,0,0,1,1,2,3,0,1,1,0,1,0,0,6,0,0,2,15,2,1,2,3,1,10,0,7,0,2,3,0,5,0,0,13,2,5,6,4,0,3,0,0,9,15,0,0,0,73,0,0,6,0,0,6,0,54,0,0,0,2,1,0,0,1,8,0,1,1,5,0,17,3,0,0,0,0,39,7,14,0,0,111,77,22,3,0,0,1,0,1,16,29,1,0,0,0,0,0,0,0,26,27,1,4,1,0,0,2,9,1,0,3,0,7,4,4,0,0,1,0,1,0,0,0,0,10,28,0,0,1,0,0,0,0,1,3,9,2,0,5,0,0,Noise - Residential,111,ZCTA5 10025,92162.0,99067.0,87706.0,13105.0,59085.0,9754.0,21867.0,0.14941965201924612
10026,726,0,7,0,4,1,0,1,2,0,0,0,0,0,0,0,0,1,0,0,2,0,0,0,1,4,0,0,0,11,2,0,4,0,9,14,0,0,0,1,0,0,7,0,1,0,3,0,6,1,2,5,0,0,8,7,1,0,0,103,0,0,5,1,0,8,0,42,0,2,0,3,0,0,0,0,0,0,0,0,0,0,13,7,1,0,0,0,20,34,0,0,7,73,167,10,2,0,0,1,0,0,17,17,3,0,0,0,0,0,2,0,11,6,0,1,0,0,1,1,4,0,0,1,0,6,1,0,0,0,0,0,0,0,0,0,0,0,35,0,0,2,0,0,0,0,0,0,9,0,0,5,0,0,Noise - Street/Sidewalk,167,ZCTA5 10026,38937.0,64716.0,38591.0,7921.0,9971.0,20310.0,7607.0,0.20525511129537974
10027,794,0,7,0,6,2,0,1,1,0,0,0,0,0,0,5,1,0,0,0,4,3,0,0,1,1,0,0,4,12,1,0,0,0,3,16,0,0,1,2,0,0,12,2,0,14,0,11,3,4,2,0,0,0,5,4,8,0,0,72,0,0,3,0,0,8,0,59,0,0,0,4,0,0,0,0,1,0,0,0,0,0,6,9,0,0,0,0,10,51,0,0,83,56,119,7,5,0,0,2,0,0,13,15,1,0,0,1,0,0,1,0,8,10,1,3,1,0,0,1,6,3,0,1,0,7,6,1,0,0,2,2,1,0,0,1,2,13,36,1,0,0,2,0,0,0,1,1,15,0,1,6,0,0,Noise - Street/Sidewalk,119,ZCTA5 10027,64728.0,57010.0,57849.0,13049.0,19471.0,25429.0,16263.0,0.22557001849643035
10028,351,0,0,0,3,3,1,15,0,0,0,0,0,0,0,1,0,3,0,0,0,0,0,0,0,6,0,0,0,4,1,0,0,0,0,1,1,0,0,1,0,0,2,0,0,1,0,5,1,13,2,2,0,0,3,3,1,0,0,4,0,1,12,0,0,1,0,26,0,2,0,0,0,0,0,0,2,0,0,1,1,0,26,6,1,0,0,0,33,19,3,0,5,11,8,2,4,0,0,0,2,1,1,3,1,0,0,0,0,0,0,0,10,9,0,1,0,0,0,1,7,2,0,1,0,8,1,1,0,0,0,0,1,0,0,0,0,1,5,0,0,0,9,0,0,0,3,41,1,0,0,0,0,0,Violation of Park Rules,41,ZCTA5 10028,47962.0,131013.0,47947.0,2524.0,40441.0,847.0,3548.0,0.05264145827684735
10029,809,0,4,2,8,2,0,1,6,0,0,0,0,0,1,3,0,4,0,0,2,0,0,0,0,1,0,0,2,16,1,1,2,2,4,23,0,2,0,1,0,0,3,0,0,10,1,3,11,9,0,2,0,0,10,10,5,1,0,83,0,0,5,1,0,1,0,36,0,1,0,3,0,0,0,1,2,0,0,0,0,0,2,8,1,0,0,0,21,19,0,0,2,176,111,11,1,0,0,2,0,1,20,20,4,0,0,0,0,0,2,0,6,13,0,6,0,0,2,4,5,3,0,1,0,3,5,0,2,0,2,0,0,0,0,0,1,5,40,0,0,0,0,0,0,0,5,0,12,0,1,6,0,0,Noise - Residential,176,ZCTA5 10029,74617.0,33801.0,71942.0,22366.0,23188.0,23400.0,33471.0,0.3108893275138306
10030,609,0,11,0,1,0,0,0,1,0,0,0,0,1,0,2,1,0,0,0,0,1,0,0,1,1,0,0,0,7,1,0,2,0,0,2,0,0,0,1,0,0,6,0,0,2,1,15,6,0,2,0,0,0,4,0,2,0,0,92,0,0,7,0,0,3,0,24,0,0,0,2,0,0,0,0,2,0,0,0,0,0,1,5,0,0,0,0,6,27,0,0,1,109,112,6,11,0,0,3,0,0,15,9,0,0,0,0,0,0,0,0,4,8,0,5,0,0,0,1,1,1,0,0,0,4,4,0,0,0,1,0,0,0,0,0,0,3,39,0,0,0,0,0,0,0,0,0,19,0,0,13,0,0,Noise - Street/Sidewalk,112,ZCTA5 10030,30996.0,45555.0,30893.0,8250.0,5412.0,18542.0,8564.0,0.2670507882044476
10031,1182,0,6,0,3,1,0,1,6,0,0,0,0,0,0,4,3,0,0,0,0,0,0,0,2,4,0,0,0,20,1,0,2,1,6,4,0,4,0,2,0,0,20,0,0,11,0,0,29,0,0,1,0,0,12,4,46,0,0,94,0,1,2,0,0,6,2,173,0,6,0,0,0,0,0,0,0,1,1,0,0,0,4,7,0,0,0,0,17,49,0,2,2,173,181,17,8,0,0,2,1,1,52,44,2,0,0,1,0,0,1,0,9,22,1,2,0,0,0,3,1,4,0,0,0,10,6,0,0,0,0,0,0,0,0,0,0,2,45,0,0,0,1,0,0,0,1,0,24,1,2,5,0,0,Noise - Street/Sidewalk,181,ZCTA5 10031,60280.0,55721.0,60195.0,14089.0,17993.0,17271.0,29950.0,0.23405598471633857
10032,867,0,7,0,13,1,0,2,3,1,0,0,0,0,0,3,0,3,0,0,0,0,0,0,0,1,0,0,0,19,4,0,1,0,8,25,0,1,0,0,0,0,6,3,0,4,0,2,15,1,1,1,0,0,15,3,3,0,0,138,0,0,3,0,0,3,0,91,0,1,0,0,0,0,0,1,0,0,0,2,1,0,7,4,0,0,0,0,8,14,0,1,0,69,156,34,6,0,1,0,0,1,34,23,3,0,0,0,0,0,0,0,6,12,0,4,1,0,0,1,1,0,0,0,0,12,6,1,0,0,2,0,1,0,0,0,0,5,42,1,0,1,0,0,0,0,7,1,16,0,0,0,0,0,Noise - Street/Sidewalk,156,ZCTA5 10032,59527.0,53690.0,58425.0,10840.0,16262.0,10803.0,39054.0,0.1855370132648695
10033,738,0,6,0,1,1,0,6,3,0,0,0,0,0,0,2,0,0,0,0,0,0,0,0,3,2,0,0,0,10,1,0,0,0,6,2,0,1,0,2,2,0,2,1,1,5,1,1,14,0,1,3,0,0,13,4,3,0,0,74,0,0,3,0,0,3,0,61,0,0,0,3,0,0,0,0,0,0,0,1,0,0,2,1,1,0,0,0,21,55,0,0,0,141,88,25,1,0,0,1,1,0,21,24,1,0,0,0,2,0,2,0,9,7,0,3,0,0,1,2,3,3,0,0,0,5,3,1,2,0,2,0,0,0,0,1,11,2,38,0,0,0,0,0,0,0,2,0,12,0,0,2,0,0,Noise - Residential,141,ZCTA5 10033,58648.0,66902.0,57675.0,9704.0,23458.0,5118.0,39008.0,0.1682531426094495
10034,649,0,6,0,2,2,0,2,2,0,0,0,0,0,0,3,1,0,0,0,1,0,0,0,1,2,0,0,0,12,1,0,0,0,1,3,0,0,0,2,0,0,4,0,0,1,0,9,10,1,1,0,0,0,6,3,2,0,0,108,0,1,2,0,0,4,0,70,0,0,0,3,0,0,0,0,1,0,0,0,0,0,3,2,0,0,0,0,15,23,0,0,3,84,78,29,2,0,0,0,0,1,24,15,1,0,0,0,0,0,1,0,13,5,1,8,0,0,0,1,3,1,0,0,0,5,0,2,0,0,1,0,0,0,0,0,0,3,29,0,0,1,1,0,0,0,13,2,7,1,2,2,0,0,HEAT/HOT WATER,108,ZCTA5 10034,41933.0,63556.0,41780.0,7207.0,14749.0,5837.0,29248.0,0.172498803255146
10035,558,0,2,0,0,0,0,1,1,0,0,0,0,0,0,5,1,1,0,0,1,0,0,0,1,2,0,0,0,11,4,0,0,0,5,27,0,1,0,1,0,0,3,0,0,1,0,14,12,1,0,2,0,0,13,2,1,1,0,24,0,0,6,0,0,3,0,31,0,3,1,1,0,1,0,0,1,1,0,2,0,2,0,2,0,0,0,0,6,8,0,0,1,58,65,10,5,0,1,1,1,1,12,21,1,0,0,0,0,0,3,0,3,63,0,8,0,0,0,4,4,0,0,3,0,23,2,0,0,1,0,0,0,0,0,0,0,13,36,0,0,0,0,0,0,0,0,0,9,0,0,3,0,0,Noise - Street/Sidewalk,65,ZCTA5 10035,36999.0,28408.0,35795.0,12543.0,7743.0,14458.0,16800.0,0.3504120687246822
10036,706,0,1,0,1,61,0,0,2,1,0,0,0,0,1,7,1,4,0,0,1,0,0,0,1,9,0,0,0,3,1,0,0,0,1,8,0,1,0,2,0,0,1,0,0,4,0,171,1,1,5,5,0,0,2,1,1,0,0,12,0,0,65,0,0,5,0,41,0,3,0,3,0,1,0,0,1,0,0,1,9,0,3,1,4,0,0,0,13,10,1,0,0,20,36,16,20,0,0,3,0,0,3,6,4,0,0,0,0,0,0,0,3,4,0,1,0,0,0,4,2,1,0,2,0,13,8,3,0,0,0,0,14,0,0,0,2,8,3,0,0,1,0,0,0,0,55,1,1,0,0,1,0,0,Encampment,171,ZCTA5 10036,28231.0,97720.0,28163.0,3715.0,17606.0,1928.0,4991.0,0.1319106629265348
10037,436,0,5,0,0,0,0,1,1,0,0,0,0,0,3,5,1,1,0,0,0,0,0,1,0,1,0,0,0,22,0,0,0,0,1,19,0,1,0,0,0,0,6,0,0,2,1,1,14,0,0,0,0,0,22,1,0,0,0,46,0,0,0,0,0,7,0,24,0,0,0,0,0,0,0,0,2,0,0,0,0,0,0,1,0,0,0,0,4,2,0,1,0,40,25,4,0,0,0,0,0,0,61,39,4,0,0,0,0,0,1,0,3,2,0,16,1,0,0,0,1,0,0,0,0,0,1,0,0,2,0,0,2,0,0,0,0,1,30,0,0,0,0,0,0,0,0,0,6,0,0,1,0,0,PAINT/PLASTER,61,ZCTA5 10037,19177.0,50686.0,18918.0,4402.0,2339.0,12961.0,4428.0,0.23268844486732213
10038,234,0,0,0,0,1,0,1,2,0,0,0,0,0,1,5,0,0,0,0,0,1,0,1,0,1,0,0,0,0,0,1,0,1,1,7,0,0,0,2,0,0,0,0,0,2,0,4,2,0,1,2,0,0,5,3,5,0,0,2,0,0,12,0,0,1,0,51,0,0,0,0,0,0,0,0,0,0,0,0,4,0,4,3,0,0,0,0,14,6,1,0,0,13,2,7,2,0,0,0,1,0,0,0,0,0,0,0,0,0,0,0,1,3,0,0,0,0,0,0,0,0,0,0,0,7,4,0,0,0,0,0,3,0,0,0,1,3,4,0,0,0,0,0,0,0,33,0,2,0,0,1,0,0,Illegal Parking,51,ZCTA5 10038,24205.0,95640.0,23227.0,4715.0,12347.0,2516.0,2631.0,0.20299651267920954
10039,488,0,7,0,3,0,0,2,1,0,0,0,0,0,0,2,3,0,0,0,0,0,0,0,1,1,0,0,1,11,1,0,0,0,6,8,0,0,0,0,0,0,9,1,0,10,0,0,9,0,1,1,0,0,15,3,5,0,0,79,0,0,3,0,0,0,0,34,0,0,0,2,0,0,0,0,0,1,0,0,0,0,5,2,0,0,0,0,6,2,0,0,5,104,31,4,0,0,1,0,0,0,17,18,0,0,0,0,0,0,0,0,3,5,0,4,0,0,0,0,0,0,0,1,0,2,1,0,0,0,1,0,0,0,0,0,0,0,35,0,0,0,0,0,0,0,0,1,17,0,1,2,0,0,Noise - Residential,104,ZCTA5 10039,27090.0,41363.0,27055.0,8009.0,3954.0,16253.0,9061.0,0.29602661245610795
10040,629,0,6,0,0,1,0,2,1,0,0,0,0,0,2,5,0,1,0,0,4,0,1,0,0,0,0,0,1,12,0,0,0,0,6,3,0,0,0,1,0,0,5,0,0,2,0,3,7,1,0,0,0,0,5,3,0,0,0,60,0,0,4,0,0,0,0,70,0,0,0,0,0,0,0,0,2,0,0,0,0,0,4,0,0,0,0,0,5,37,1,0,16,126,103,20,8,0,0,2,1,0,20,16,0,0,0,1,0,0,1,0,4,2,0,1,0,0,0,2,1,0,0,1,0,3,4,0,0,0,0,1,0,0,0,0,2,3,22,0,0,1,0,0,0,0,1,0,11,1,0,0,0,0,Noise - Residential,126,ZCTA5 10040,45197.0,53199.0,43691.0,8884.0,14944.0,4055.0,31425.0,0.20333707170813212
10041,1,0,0,0,1,0,0,0,0,0,0,0,0,0,0,0,0,0,0,0,0,0,0,0,0,0,0,0,0,0,0,0,0,0,0,0,0,0,0,0,0,0,0,0,0,0,0,0,0,0,0,0,0,0,0,0,0,0,0,0,0,0,0,0,0,0,0,0,0,0,0,0,0,0,0,0,0,0,0,0,0,0,0,0,0,0,0,0,0,0,0,0,0,0,0,0,0,0,0,0,0,0,0,0,0,0,0,0,0,0,0,0,0,0,0,0,0,0,0,0,0,0,0,0,0,0,0,0,0,0,0,0,0,0,0,0,0,0,0,0,0,0,0,0,0,0,0,0,0,0,0,0,0,0,Abandoned Vehicle,1,,,,,,,,,
10044,23,0,0,0,0,0,0,0,0,0,0,0,0,0,0,0,0,0,0,0,0,0,0,0,0,0,0,0,0,0,0,0,0,0,0,0,0,0,0,0,0,0,0,0,0,0,0,1,0,0,0,0,0,0,0,0,0,0,0,0,0,0,1,0,0,2,0,2,0,0,0,0,0,0,0,0,1,0,0,0,0,0,0,0,0,0,0,0,8,0,0,0,0,5,0,0,0,0,0,0,0,0,0,0,0,0,0,0,0,0,0,0,3,0,0,0,0,0,0,0,0,0,0,0,0,0,0,0,0,0,0,0,0,0,0,0,0,0,0,0,0,0,0,0,0,0,0,0,0,0,0,0,0,0,Noise,8,ZCTA5 10044,12770.0,112658.0,11358.0,908.0,5949.0,1582.0,1197.0,0.0799436520514175
10045,1,0,0,0,0,0,0,0,0,0,0,0,0,0,0,0,0,0,0,0,0,0,0,0,0,0,0,0,0,0,0,0,0,0,0,0,0,0,0,0,0,0,0,0,0,0,0,0,0,0,0,0,0,0,0,0,0,0,0,0,0,0,0,0,0,0,0,0,0,0,0,0,0,0,0,0,0,0,0,0,0,0,0,0,0,0,0,0,0,1,0,0,0,0,0,0,0,0,0,0,0,0,0,0,0,0,0,0,0,0,0,0,0,0,0,0,0,0,0,0,0,0,0,0,0,0,0,0,0,0,0,0,0,0,0,0,0,0,0,0,0,0,0,0,0,0,0,0,0,0,0,0,0,0,Noise - Commercial,1,,,,,,,,,
10065,287,0,4,0,1,2,0,0,0,0,0,0,0,1,0,1,0,1,0,0,1,0,0,0,0,4,0,0,2,2,2,0,0,3,0,5,0,0,0,1,0,0,0,0,0,3,0,2,1,3,0,6,0,0,1,3,0,0,0,4,0,0,4,0,0,1,0,61,0,0,0,5,0,0,0,0,3,0,0,1,8,1,0,6,1,0,0,0,19,7,1,0,0,7,6,6,2,0,0,2,1,0,1,3,0,0,0,0,0,0,2,0,7,1,0,0,1,1,0,0,7,2,0,2,0,16,1,0,0,0,1,0,1,0,1,0,1,6,12,0,0,0,0,0,0,0,16,0,3,1,0,6,0,0,Illegal Parking,61,ZCTA5 10065,30339.0,153002.0,30184.0,1811.0,24572.0,636.0,2385.0,0.059998674794593164
10069,17,0,0,0,0,0,0,0,0,0,0,0,0,0,0,0,0,0,0,0,0,0,0,0,0,0,0,0,0,0,0,0,0,0,0,0,0,0,0,0,0,0,0,0,0,0,0,0,0,0,0,0,0,0,0,0,0,0,0,1,0,0,0,0,0,0,0,5,0,0,0,0,0,0,0,0,1,0,0,0,0,0,0,0,0,0,0,0,2,1,1,0,0,1,0,2,0,0,0,0,0,0,0,0,0,0,0,0,0,0,0,0,2,0,0,0,0,0,0,0,0,0,0,0,0,0,0,0,0,0,0,0,0,0,0,0,0,0,0,1,0,0,0,0,0,0,0,0,0,0,0,0,0,0,Illegal Parking,5,ZCTA5 10069,6504.0,130556.0,6504.0,1330.0,3111.0,315.0,1095.0,0.20448954489544896
10075,133,0,1,0,0,0,0,0,1,0,0,0,0,0,0,1,0,0,0,0,0,0,0,0,0,0,0,0,0,2,0,0,2,0,0,1,0,0,0,0,0,0,0,0,0,0,0,0,0,2,1,1,0,0,0,3,0,0,0,7,0,0,2,0,0,0,0,18,0,0,0,1,0,0,0,0,4,0,0,2,1,0,0,2,0,0,0,0,15,0,0,0,0,5,2,2,0,0,0,3,1,0,0,1,1,0,0,0,0,0,0,0,0,6,1,0,0,0,0,0,3,0,0,1,0,5,0,0,0,0,0,0,2,0,0,0,0,0,2,0,0,0,5,0,0,0,8,0,0,0,0,18,0,0,Illegal Parking,18,ZCTA5 10075,22591.0,123854.0,22107.0,1568.0,18775.0,457.0,3710.0,0.07092776043787036
10103,2,0,0,0,0,0,0,0,0,0,0,0,0,0,0,0,0,0,0,0,0,0,0,0,0,0,0,0,0,0,0,0,0,0,0,0,0,0,0,0,0,0,0,0,0,0,0,0,0,0,0,0,0,0,0,0,0,0,0,0,0,0,0,0,0,0,0,0,0,0,0,0,0,0,0,0,0,1,0,0,0,0,0,0,0,0,0,0,0,0,0,0,0,0,0,0,0,0,0,0,0,0,0,0,0,0,0,0,0,0,0,0,0,0,0,0,0,0,0,0,0,0,0,0,0,0,0,0,0,0,0,0,1,0,0,0,0,0,0,0,0,0,0,0,0,0,0,0,0,0,0,0,0,0,LinkNYC,1,ZCTA5 10103,0.0,-666666666.0,0.0,0.0,0.0,0.0,0.0,
10106,1,0,0,0,0,0,0,0,0,0,0,0,0,0,0,0,0,0,0,0,0,0,0,0,0,0,0,0,0,0,0,0,0,0,0,0,0,0,0,0,0,0,0,0,0,0,0,0,0,0,0,0,0,0,0,0,0,0,0,0,0,0,0,0,0,0,0,1,0,0,0,0,0,0,0,0,0,0,0,0,0,0,0,0,0,0,0,0,0,0,0,0,0,0,0,0,0,0,0,0,0,0,0,0,0,0,0,0,0,0,0,0,0,0,0,0,0,0,0,0,0,0,0,0,0,0,0,0,0,0,0,0,0,0,0,0,0,0,0,0,0,0,0,0,0,0,0,0,0,0,0,0,0,0,Illegal Parking,1,,,,,,,,,
10110,2,0,0,0,0,0,0,0,0,0,0,0,0,0,0,0,0,0,0,0,0,0,0,0,0,0,0,0,0,0,0,0,0,0,0,0,0,0,0,0,0,0,0,0,0,0,0,0,0,0,0,0,0,0,0,0,0,0,0,0,0,0,0,0,0,0,0,0,0,0,0,0,0,0,0,0,0,0,0,0,0,0,0,0,0,0,0,0,0,0,0,0,0,0,0,1,0,0,0,0,0,0,0,0,0,0,0,0,0,0,0,0,0,0,0,0,0,0,0,0,0,0,0,0,0,0,0,0,0,0,0,0,0,0,0,0,0,0,0,0,0,0,0,0,0,0,1,0,0,0,0,0,0,0,Noise - Vehicle,1,ZCTA5 10110,0.0,-666666666.0,0.0,0.0,0.0,0.0,0.0,
10111,1,0,0,0,0,0,0,0,0,0,0,0,0,0,0,0,0,0,0,0,0,0,0,0,0,0,0,0,0,0,0,0,0,0,0,0,0,0,0,0,0,0,0,0,0,0,0,0,0,0,0,0,0,0,0,0,0,0,0,0,0,0,0,0,0,0,0,0,0,0,0,0,0,0,0,0,0,0,0,0,0,0,0,0,0,0,0,0,0,0,0,0,0,0,0,0,0,0,0,0,0,0,0,0,0,0,0,0,0,0,0,0,0,0,0,0,0,0,0,0,0,0,0,0,0,1,0,0,0,0,0,0,0,0,0,0,0,0,0,0,0,0,0,0,0,0,0,0,0,0,0,0,0,0,Street Condition,1,ZCTA5 10111,0.0,-666666666.0,0.0,0.0,0.0,0.0,0.0,
10112,1,0,0,0,0,0,0,0,0,0,0,0,0,0,0,0,0,0,0,0,0,0,0,0,0,0,0,0,0,0,0,0,0,0,0,0,0,0,0,0,0,0,0,0,0,0,0,0,0,0,0,0,0,0,0,0,0,0,0,0,0,0,0,0,0,0,0,0,0,0,0,0,0,0,0,0,0,0,0,0,0,0,0,0,0,0,0,0,0,0,0,0,0,0,0,0,0,0,0,0,0,0,0,0,0,0,0,0,0,0,0,0,0,0,0,0,0,0,0,0,0,0,0,0,0,1,0,0,0,0,0,0,0,0,0,0,0,0,0,0,0,0,0,0,0,0,0,0,0,0,0,0,0,0,Street Condition,1,ZCTA5 10112,0.0,-666666666.0,0.0,0.0,0.0,0.0,0.0,
10118,9,0,0,0,0,0,0,0,0,0,0,0,0,0,1,1,0,0,0,0,0,0,0,0,0,0,0,0,0,0,0,0,0,0,0,0,0,0,0,0,0,0,0,0,0,0,0,0,0,0,0,0,0,0,0,0,0,0,0,0,0,0,0,0,0,0,0,1,0,0,0,0,0,0,0,0,0,0,0,0,0,0,0,0,0,0,0,0,0,3,0,0,0,0,2,0,0,0,0,0,0,0,0,0,0,0,0,0,0,0,0,0,0,0,0,0,0,0,0,0,0,0,0,0,0,0,0,0,0,0,0,0,0,0,0,0,0,0,0,0,0,0,0,0,0,0,1,0,0,0,0,0,0,0,Noise - Commercial,3,,,,,,,,,
10119,5,0,0,0,0,0,0,0,0,0,0,0,0,0,0,0,0,0,0,0,0,0,0,0,0,0,0,0,0,0,0,0,0,0,0,0,0,0,0,0,0,0,0,0,0,0,0,0,0,1,0,0,0,0,0,0,0,0,0,0,0,0,0,0,0,0,0,3,0,0,0,0,0,0,0,0,0,0,0,0,0,0,0,0,0,0,0,0,0,0,0,0,0,0,0,0,0,0,0,0,0,0,0,0,0,0,0,0,0,0,0,0,0,0,0,0,0,0,0,0,0,0,0,0,0,1,0,0,0,0,0,0,0,0,0,0,0,0,0,0,0,0,0,0,0,0,0,0,0,0,0,0,0,0,Illegal Parking,3,ZCTA5 10119,0.0,-666666666.0,0.0,0.0,0.0,0.0,0.0,
10120,1,0,0,0,0,0,0,0,0,0,0,0,0,0,0,0,0,0,0,0,0,0,0,0,0,0,0,0,0,0,0,0,0,0,0,0,0,0,0,0,0,0,0,0,0,0,0,0,0,0,0,0,0,0,0,0,0,0,0,0,0,0,0,0,0,0,0,0,0,0,0,0,0,0,0,0,0,0,0,0,0,0,0,0,0,0,0,0,0,0,0,0,0,0,1,0,0,0,0,0,0,0,0,0,0,0,0,0,0,0,0,0,0,0,0,0,0,0,0,0,0,0,0,0,0,0,0,0,0,0,0,0,0,0,0,0,0,0,0,0,0,0,0,0,0,0,0,0,0,0,0,0,0,0,Noise - Street/Sidewalk,1,,,,,,,,,
10121,9,0,0,0,0,0,0,0,0,0,0,0,0,0,0,0,0,0,0,0,0,0,0,0,0,0,0,0,0,0,0,0,0,0,0,0,0,0,0,0,0,0,0,0,0,0,0,0,0,0,0,0,0,0,0,0,0,0,0,0,0,0,0,0,0,0,0,0,0,0,0,0,0,0,0,0,0,0,0,0,3,0,0,0,0,0,0,0,0,0,0,0,0,0,0,0,0,0,0,0,0,0,0,0,0,0,0,0,0,0,0,0,0,0,0,0,0,0,0,0,0,0,0,0,0,0,0,0,0,0,0,0,5,0,1,0,0,0,0,0,0,0,0,0,0,0,0,0,0,0,0,0,0,0,Taxi Complaint,5,,,,,,,,,
10128,313,0,1,0,3,2,0,1,1,0,0,0,0,0,0,5,1,0,0,0,0,0,0,0,0,3,0,0,1,0,1,0,0,2,1,2,0,1,0,0,0,0,0,1,0,1,1,4,1,5,1,2,0,0,1,2,1,0,0,25,0,0,2,0,0,0,0,29,0,0,0,0,0,0,0,0,5,0,0,0,3,0,1,14,0,0,1,0,12,0,1,0,0,43,21,7,0,0,0,1,3,0,1,4,5,0,0,0,0,0,1,0,12,12,0,0,0,1,0,1,4,0,0,1,0,20,5,0,1,2,0,0,3,0,1,0,0,4,10,1,0,0,0,0,0,0,1,1,2,1,1,5,0,0,Noise - Residential,43,ZCTA5 10128,57993.0,117926.0,57746.0,4111.0,44069.0,2644.0,8538.0,0.07119107816991653
10151,1,0,0,0,0,0,0,0,0,0,0,0,0,0,0,0,0,0,0,0,0,0,0,0,0,0,0,0,0,0,0,0,0,0,0,0,0,0,0,0,0,0,0,0,0,0,0,0,0,0,0,0,0,0,0,0,0,0,0,0,0,0,0,0,0,0,0,1,0,0,0,0,0,0,0,0,0,0,0,0,0,0,0,0,0,0,0,0,0,0,0,0,0,0,0,0,0,0,0,0,0,0,0,0,0,0,0,0,0,0,0,0,0,0,0,0,0,0,0,0,0,0,0,0,0,0,0,0,0,0,0,0,0,0,0,0,0,0,0,0,0,0,0,0,0,0,0,0,0,0,0,0,0,0,Illegal Parking,1,,,,,,,,,
10153,10,0,0,0,0,0,0,0,0,0,0,0,0,0,0,0,0,0,0,0,0,0,0,0,0,0,0,0,0,0,0,0,0,0,0,0,0,0,0,0,0,0,0,0,0,0,0,0,0,0,0,0,0,0,0,0,0,0,0,0,0,0,0,0,0,0,0,2,0,0,0,0,0,0,0,0,0,0,0,0,0,0,0,0,6,0,0,0,0,0,0,0,0,0,0,0,0,0,0,0,0,0,0,0,0,0,0,0,0,0,0,0,0,0,0,0,0,0,0,0,0,0,0,0,0,0,0,0,0,0,0,0,0,0,0,0,0,0,0,0,0,0,0,0,0,0,1,0,0,0,0,1,0,0,Mobile Food Vendor,6,ZCTA5 10153,0.0,-666666666.0,0.0,0.0,0.0,0.0,0.0,
10158,2,0,0,0,0,0,0,0,0,0,0,0,0,0,0,0,0,0,0,0,0,0,0,0,0,0,0,0,0,0,0,0,0,0,0,0,0,0,0,0,0,0,0,0,0,0,0,0,0,0,0,0,0,0,0,0,0,0,0,0,0,0,0,0,0,0,0,0,0,0,0,0,0,0,0,0,0,0,0,0,1,0,0,0,0,0,0,0,0,0,0,0,0,0,0,0,0,0,0,0,0,0,0,0,0,0,0,0,0,0,0,0,0,0,0,0,0,0,0,0,0,0,0,0,0,0,0,0,0,0,0,0,0,0,0,0,0,0,0,0,0,0,0,0,0,0,1,0,0,0,0,0,0,0,Lost Property,1,,,,,,,,,
10162,2,0,0,0,0,0,0,0,0,0,0,0,0,0,0,0,0,0,0,0,0,0,0,0,0,0,0,0,0,0,0,0,0,0,0,0,0,0,0,0,0,0,0,0,0,0,0,0,0,0,0,0,0,0,0,0,0,0,0,0,0,0,0,0,0,0,0,0,0,0,0,0,0,0,0,0,0,0,0,0,0,0,0,0,0,0,0,0,0,0,0,0,0,0,0,0,0,0,0,0,0,0,0,0,0,0,0,0,0,0,0,0,1,0,0,0,0,0,0,0,0,0,0,0,0,0,0,0,0,0,0,0,0,0,0,0,0,0,1,0,0,0,0,0,0,0,0,0,0,0,0,0,0,0,Residential Disposal Complaint,1,ZCTA5 10162,1240.0,96555.0,1240.0,0.0,1162.0,0.0,295.0,0.0
10165,1,0,0,0,0,0,0,0,0,0,0,0,0,0,0,0,0,0,0,0,0,0,0,0,0,0,0,0,0,0,0,0,0,0,0,0,0,0,0,0,0,0,0,0,0,0,0,0,0,0,0,1,0,0,0,0,0,0,0,0,0,0,0,0,0,0,0,0,0,0,0,0,0,0,0,0,0,0,0,0,0,0,0,0,0,0,0,0,0,0,0,0,0,0,0,0,0,0,0,0,0,0,0,0,0,0,0,0,0,0,0,0,0,0,0,0,0,0,0,0,0,0,0,0,0,0,0,0,0,0,0,0,0,0,0,0,0,0,0,0,0,0,0,0,0,0,0,0,0,0,0,0,0,0,For Hire Vehicle Complaint,1,ZCTA5 10165,0.0,-666666666.0,0.0,0.0,0.0,0.0,0.0,
10166,1,0,0,0,0,0,0,0,0,0,0,0,0,0,0,0,0,0,0,0,0,0,0,0,0,0,0,0,0,0,0,0,0,0,0,0,0,0,0,0,0,0,0,0,0,0,0,0,0,0,0,0,0,0,0,0,0,0,0,0,0,0,0,0,0,0,0,0,0,0,0,0,0,0,0,0,0,0,0,0,0,0,0,0,0,0,0,0,0,0,0,0,0,0,0,0,0,0,0,0,0,0,0,0,0,0,0,0,0,0,0,0,0,0,0,0,0,0,0,0,0,0,0,0,0,0,0,0,0,0,0,0,0,0,0,0,0,0,0,0,0,0,0,0,0,0,1,0,0,0,0,0,0,0,Vendor Enforcement,1,,,,,,,,,
10168,8,0,0,0,0,0,0,0,0,0,0,0,0,0,0,0,0,0,0,0,0,0,0,0,0,0,0,0,0,0,0,0,0,0,0,0,0,0,0,0,0,0,0,0,0,0,0,0,0,0,0,0,0,0,0,0,0,0,0,0,0,0,6,0,0,0,0,0,0,0,0,0,0,0,0,0,0,0,0,0,0,0,0,0,0,0,0,0,0,0,0,0,0,0,0,0,0,0,0,0,0,0,0,0,0,0,0,0,0,0,0,0,0,0,0,0,0,0,0,0,0,0,0,0,0,0,0,0,0,0,0,0,0,0,0,0,0,2,0,0,0,0,0,0,0,0,0,0,0,0,0,0,0,0,Homeless Person Assistance,6,ZCTA5 10168,0.0,-666666666.0,0.0,0.0,0.0,0.0,0.0,
10169,14,0,0,0,0,0,0,0,0,0,0,0,0,0,0,0,0,0,0,0,0,0,0,0,0,0,0,0,0,0,0,0,0,0,0,0,0,0,0,0,0,0,0,0,0,0,0,10,0,0,0,0,0,0,0,0,0,0,0,0,0,0,3,0,0,0,0,0,0,0,0,0,0,0,0,0,0,0,0,0,0,0,0,0,0,0,0,0,0,0,0,0,0,0,0,0,0,0,0,0,0,0,0,0,0,0,0,0,0,0,0,0,0,0,0,0,0,0,0,0,0,0,0,0,0,1,0,0,0,0,0,0,0,0,0,0,0,0,0,0,0,0,0,0,0,0,0,0,0,0,0,0,0,0,Encampment,10,ZCTA5 10169,0.0,-666666666.0,0.0,0.0,0.0,0.0,0.0,
10170,1,0,0,0,0,0,0,0,0,0,0,0,0,0,0,0,0,0,0,0,0,0,0,0,0,0,0,0,0,0,0,0,0,0,0,0,0,0,0,0,0,0,0,0,0,0,0,0,0,0,0,0,0,0,0,0,0,0,0,0,0,0,0,0,0,0,0,1,0,0,0,0,0,0,0,0,0,0,0,0,0,0,0,0,0,0,0,0,0,0,0,0,0,0,0,0,0,0,0,0,0,0,0,0,0,0,0,0,0,0,0,0,0,0,0,0,0,0,0,0,0,0,0,0,0,0,0,0,0,0,0,0,0,0,0,0,0,0,0,0,0,0,0,0,0,0,0,0,0,0,0,0,0,0,Illegal Parking,1,ZCTA5 10170,0.0,-666666666.0,0.0,0.0,0.0,0.0,0.0,
10175,1,0,0,0,0,0,0,0,0,0,0,0,0,0,0,0,0,0,0,0,0,0,0,0,0,0,0,0,0,0,0,0,0,0,0,0,0,0,0,0,0,0,0,0,0,0,0,0,0,0,0,0,0,0,0,0,0,0,0,0,0,0,0,0,0,0,0,0,0,0,0,0,0,0,0,0,0,0,0,0,0,0,0,0,0,0,0,0,0,0,0,0,0,0,0,0,0,0,0,0,0,0,0,0,0,0,0,0,0,0,0,0,0,0,0,0,0,0,0,0,0,0,0,0,0,0,0,0,0,0,0,0,1,0,0,0,0,0,0,0,0,0,0,0,0,0,0,0,0,0,0,0,0,0,Taxi Complaint,1,,,,,,,,,
10177,1,0,0,0,0,0,0,0,0,0,0,0,0,0,0,0,0,0,0,0,0,0,0,0,0,0,0,0,0,0,0,0,0,0,0,0,0,0,0,0,0,0,0,0,0,0,0,0,0,0,0,0,0,0,0,0,0,0,0,0,0,0,0,0,0,0,0,0,0,0,0,0,0,0,0,0,0,0,0,0,0,0,0,0,0,0,0,0,0,0,0,0,0,0,0,0,0,0,0,0,0,0,0,0,0,0,0,0,0,0,0,0,0,0,0,0,0,0,0,0,0,0,0,0,0,0,0,0,0,0,0,0,0,0,0,0,0,0,0,0,0,0,0,0,0,0,1,0,0,0,0,0,0,0,Vendor Enforcement,1,ZCTA5 10177,0.0,-666666666.0,0.0,0.0,0.0,0.0,0.0,
10271,1,0,0,0,0,0,0,0,0,0,0,0,0,0,0,0,0,0,0,0,0,0,0,0,0,0,0,0,0,0,0,0,0,0,0,0,0,0,0,0,0,0,0,0,0,0,0,0,0,0,0,0,0,0,0,0,0,0,0,0,0,0,0,0,0,0,0,0,0,0,0,0,0,0,0,0,0,0,0,0,0,0,0,0,0,0,0,0,0,0,0,0,0,0,0,0,0,0,0,0,0,0,0,0,0,0,0,0,0,0,0,0,0,0,0,0,0,0,0,0,1,0,0,0,0,0,0,0,0,0,0,0,0,0,0,0,0,0,0,0,0,0,0,0,0,0,0,0,0,0,0,0,0,0,Sidewalk Condition,1,ZCTA5 10271,0.0,-666666666.0,0.0,0.0,0.0,0.0,0.0,
10278,6,0,0,0,0,0,0,0,0,0,0,0,0,0,0,0,0,0,0,0,0,0,0,0,0,0,0,0,1,0,0,0,0,0,0,1,0,0,0,0,0,0,0,0,0,0,0,0,0,0,0,0,0,0,0,0,0,0,0,0,0,0,0,0,0,0,0,0,0,0,0,0,0,0,0,0,0,0,0,0,0,0,0,0,0,0,0,0,0,0,0,0,0,0,0,0,0,0,0,0,0,0,0,0,0,0,0,0,0,0,0,0,0,0,0,0,0,0,0,0,0,0,0,0,0,0,2,0,0,0,0,0,0,0,0,0,0,2,0,0,0,0,0,0,0,0,0,0,0,0,0,0,0,0,Street Light Condition,2,ZCTA5 10278,0.0,-666666666.0,0.0,0.0,0.0,0.0,0.0,
10279,1,0,0,0,0,0,0,0,0,0,0,0,0,0,0,0,0,0,0,0,0,0,0,0,0,0,0,0,0,0,0,0,0,0,0,0,0,0,0,0,0,0,0,0,0,0,0,0,0,0,0,0,0,0,0,0,0,0,0,0,0,0,0,0,0,0,0,1,0,0,0,0,0,0,0,0,0,0,0,0,0,0,0,0,0,0,0,0,0,0,0,0,0,0,0,0,0,0,0,0,0,0,0,0,0,0,0,0,0,0,0,0,0,0,0,0,0,0,0,0,0,0,0,0,0,0,0,0,0,0,0,0,0,0,0,0,0,0,0,0,0,0,0,0,0,0,0,0,0,0,0,0,0,0,Illegal Parking,1,ZCTA5 10279,96.0,-666666666.0,96.0,0.0,96.0,0.0,0.0,0.0
10280,71,0,0,0,0,0,0,0,0,0,0,0,0,0,0,0,0,0,0,0,0,0,0,0,0,0,0,0,0,0,0,0,0,0,0,0,0,0,0,0,0,0,0,0,0,1,0,0,0,0,0,0,0,0,0,0,0,0,0,0,0,0,2,0,0,0,0,4,0,0,0,0,0,0,0,0,0,0,0,0,0,0,0,0,1,0,0,0,3,0,54,0,0,3,2,0,0,0,0,0,0,0,0,0,0,0,0,0,0,0,0,0,0,0,0,0,0,0,0,0,0,0,0,0,0,0,1,0,0,0,0,0,0,0,0,0,0,0,0,0,0,0,0,0,0,0,0,0,0,0,0,0,0,0,Noise - Helicopter,54,ZCTA5 10280,9372.0,170385.0,9372.0,479.0,7129.0,55.0,1082.0,0.051109688433632096
10281,5,0,0,0,0,0,0,0,0,0,0,0,0,0,0,0,0,0,0,0,0,0,0,0,0,0,0,0,0,0,0,0,0,0,0,0,0,0,0,0,0,0,0,0,0,0,0,0,0,0,1,0,0,0,0,0,0,0,0,0,0,0,0,0,0,0,0,2,0,0,0,0,0,0,0,0,0,0,0,0,0,0,0,0,0,0,0,0,0,0,0,0,0,0,0,0,0,0,0,0,0,0,0,0,0,0,0,0,0,0,0,0,0,0,0,0,0,0,0,0,0,0,0,0,0,0,0,0,0,0,0,0,0,0,0,0,0,2,0,0,0,0,0,0,0,0,0,0,0,0,0,0,0,0,Illegal Parking,2,,,,,,,,,
10282,26,0,0,0,0,0,0,0,0,0,0,0,0,0,0,0,0,0,0,0,0,0,0,0,0,0,0,0,0,0,0,0,0,0,0,0,0,0,0,0,0,0,0,0,0,0,1,2,0,0,1,0,0,0,0,1,0,0,0,0,0,0,1,0,0,0,0,9,0,0,0,0,0,0,0,0,0,0,0,0,0,0,0,0,0,0,0,0,7,0,0,0,0,0,0,0,0,0,0,0,0,0,0,0,0,0,0,0,0,0,1,0,2,0,0,0,0,0,0,0,0,0,0,0,0,0,0,0,0,0,0,0,0,0,0,0,0,1,0,0,0,0,0,0,0,0,0,0,0,0,0,0,0,0,Illegal Parking,9,ZCTA5 10282,6086.0,250001.0,6086.0,171.0,4670.0,139.0,639.0,0.028097272428524483
10301,434,0,2,1,12,1,0,1,1,0,0,0,0,0,0,12,0,0,0,0,2,0,0,0,1,5,0,0,2,7,5,0,4,3,11,16,0,1,0,0,0,0,11,0,0,1,0,0,5,1,0,0,0,0,4,10,1,0,0,33,0,0,1,0,0,7,0,31,0,2,0,1,0,0,0,0,0,0,2,1,0,1,3,18,0,0,0,0,15,13,0,0,0,43,17,5,4,0,0,2,0,2,9,7,0,0,0,0,0,0,2,0,2,6,3,1,0,0,0,8,6,0,0,0,1,21,6,2,0,1,0,0,0,0,0,0,0,3,14,0,0,0,0,0,0,0,0,2,0,0,0,19,0,0,Noise - Residential,43,ZCTA5 10301,38001.0,70065.0,36542.0,5961.0,21927.0,8300.0,9448.0,0.16312736029773958
10302,202,0,0,0,11,0,0,0,2,0,0,0,0,0,0,11,0,0,0,0,0,0,0,0,0,4,0,0,0,3,3,0,0,1,0,2,0,0,0,1,0,0,0,0,0,0,0,0,1,3,0,0,0,0,0,4,0,0,0,3,0,0,0,1,0,3,1,64,0,0,0,1,0,0,0,0,1,0,0,2,0,0,0,15,1,0,0,0,2,1,0,0,0,9,3,0,0,0,0,0,0,3,4,9,0,0,0,0,0,0,0,0,3,1,3,0,1,0,0,0,5,0,0,1,0,7,1,0,0,0,0,0,0,0,0,0,0,0,6,0,0,0,0,0,0,1,0,0,0,1,0,3,0,0,Illegal Parking,64,ZCTA5 10302,17942.0,72394.0,17868.0,2430.0,9247.0,4584.0,6785.0,0.13599731363331094
10303,155,0,0,0,9,1,0,0,0,1,0,0,0,0,0,6,1,0,0,0,1,0,0,0,1,2,0,0,0,1,1,0,1,3,0,5,0,0,0,2,0,0,2,0,0,0,0,0,1,2,0,1,0,0,0,2,0,0,0,1,0,0,0,1,0,3,0,17,0,0,0,0,0,0,0,0,0,0,0,0,0,0,0,17,0,0,0,1,2,2,0,0,0,12,4,0,0,0,0,1,0,0,4,1,0,0,0,0,0,0,0,0,6,4,4,0,0,0,0,2,4,1,0,0,3,4,4,1,2,0,0,0,0,0,0,0,0,2,3,1,0,0,0,0,0,0,0,0,1,1,0,3,0,0,Illegal Parking,17,ZCTA5 10303,27164.0,70315.0,27018.0,5550.0,11474.0,8918.0,10853.0,0.20541860981567844
10304,386,0,7,1,15,0,0,0,3,0,0,0,0,0,0,24,0,0,0,0,2,1,0,1,0,1,0,0,0,9,9,0,0,5,4,9,0,1,0,0,0,0,4,0,1,1,0,0,5,1,0,0,0,0,3,6,2,0,0,26,0,0,1,1,0,3,1,44,1,0,0,1,0,0,0,0,0,0,0,2,0,0,0,9,0,0,0,0,5,6,0,0,0,57,7,4,1,0,0,1,0,1,5,8,0,0,0,0,0,0,0,0,3,4,3,0,1,0,0,4,6,1,0,0,0,22,8,2,0,0,0,0,0,0,0,0,2,2,13,0,0,1,0,0,1,0,0,0,7,0,0,7,0,0,Noise - Residential,57,ZCTA5 10304,42133.0,64394.0,40757.0,7499.0,21822.0,11931.0,9542.0,0.18399293372917536
10305,340,0,0,0,15,0,1,0,1,0,0,0,0,0,0,16,0,1,0,0,3,0,0,0,1,3,0,0,2,1,3,0,2,2,3,9,0,0,0,0,1,0,1,0,0,0,0,0,3,0,0,1,1,0,1,7,1,0,0,10,2,0,0,0,0,1,1,60,0,0,0,0,0,0,0,0,0,0,3,0,0,1,1,23,0,0,0,0,7,0,0,1,0,41,5,3,2,0,0,4,0,3,3,0,0,0,0,1,0,0,0,0,3,0,5,2,0,0,0,4,4,0,0,0,0,15,7,2,2,3,0,0,0,0,0,0,0,9,5,0,0,2,1,0,0,0,0,0,0,0,0,25,0,0,Illegal Parking,60,ZCTA5 10305,42968.0,77136.0,42436.0,4497.0,29468.0,2889.0,6164.0,0.10597134508436233
10306,400,0,0,0,17,1,0,0,0,0,0,0,0,0,3,10,0,0,0,0,2,0,0,0,0,4,0,0,1,1,6,0,5,7,4,9,0,0,0,0,0,0,1,0,1,0,0,1,0,0,1,1,0,0,2,1,5,0,0,1,0,0,0,2,0,8,0,65,1,3,0,1,0,0,0,0,0,0,1,2,0,0,0,25,0,0,0,0,21,4,5,0,0,16,17,9,3,0,0,2,2,6,3,4,0,0,0,1,0,0,1,0,2,1,7,0,1,0,0,10,7,2,0,0,0,33,7,1,2,1,0,0,0,0,0,0,0,23,3,2,0,2,0,0,0,0,0,0,0,2,0,6,0,2,Illegal Parking,65,ZCTA5 10306,54318.0,83309.0,53814.0,5403.0,43058.0,1874.0,9464.0,0.10040138253985952
10307,105,0,0,0,4,0,0,0,1,0,0,0,0,0,1,2,0,0,0,0,0,0,0,0,0,0,0,0,1,0,2,0,0,2,1,3,0,0,0,0,1,0,0,0,1,0,0,0,0,1,0,0,0,0,0,4,0,0,0,1,0,0,0,0,0,0,0,22,0,0,0,0,0,0,0,0,0,0,0,0,0,0,2,11,0,0,0,0,2,6,0,0,0,7,5,3,0,0,0,0,0,2,0,0,0,0,0,0,0,0,0,0,2,1,1,0,0,0,0,1,3,0,0,0,0,5,2,0,0,0,0,0,0,0,0,0,0,0,0,0,0,0,0,0,0,0,0,0,0,0,0,5,0,0,Illegal Parking,22,ZCTA5 10307,15053.0,108808.0,14941.0,763.0,13834.0,17.0,1339.0,0.05106753229368851
10308,169,0,0,0,8,0,0,0,4,0,0,0,0,0,0,10,0,0,0,0,1,0,0,0,0,0,0,0,1,1,8,0,2,7,0,4,0,1,0,1,1,0,1,0,0,0,0,0,0,0,0,0,0,0,0,1,0,0,0,1,0,0,0,0,0,2,0,25,0,0,0,0,0,0,0,0,0,0,1,1,0,1,0,10,0,0,0,0,3,0,0,0,0,13,2,0,0,0,0,2,1,5,0,0,0,0,0,0,0,0,0,0,1,6,8,0,1,0,0,3,3,0,0,0,0,11,3,0,0,0,0,0,0,0,0,0,1,1,2,1,0,0,1,0,0,0,0,0,0,0,0,9,0,0,Illegal Parking,25,ZCTA5 10308,28901.0,110478.0,28900.0,967.0,26378.0,463.0,2692.0,0.03346020761245675
10309,330,0,0,0,15,1,0,0,0,0,0,0,0,0,1,11,0,0,0,0,2,0,0,0,0,4,0,0,0,0,2,0,3,7,0,17,0,3,0,0,0,0,0,0,1,0,0,0,0,0,0,0,0,0,0,4,1,0,0,0,0,1,0,0,0,8,6,83,20,0,0,1,0,0,0,0,0,0,0,0,0,0,7,21,1,0,0,0,6,5,0,0,1,7,7,0,3,0,0,5,0,8,0,0,0,0,0,0,0,0,0,0,1,1,10,0,0,0,0,2,7,1,0,0,1,18,4,2,1,1,0,0,0,0,0,0,3,2,0,0,0,1,0,0,0,2,0,0,0,1,0,10,0,0,Illegal Parking,83,ZCTA5 10309,33896.0,102730.0,33836.0,2526.0,31759.0,200.0,2968.0,0.07465421444615203
10310,227,0,0,0,4,0,0,0,0,0,0,0,0,0,0,16,0,0,0,0,3,0,1,0,0,2,0,0,0,2,8,0,0,3,4,2,0,0,0,0,0,0,2,0,0,0,0,1,0,5,1,0,0,0,0,7,0,0,0,7,1,0,0,2,0,4,0,32,0,0,0,1,0,0,0,0,3,0,0,4,0,0,5,13,0,0,0,0,3,0,0,1,0,39,2,3,0,0,0,4,0,4,1,0,0,0,0,0,0,0,0,0,1,2,3,1,0,0,0,5,4,0,0,0,0,0,2,0,2,2,0,0,0,0,0,0,1,4,3,0,0,0,0,0,0,0,0,0,2,0,0,5,0,0,Noise - Residential,39,ZCTA5 10310,24168.0,86895.0,24025.0,3639.0,13815.0,5557.0,7450.0,0.15146722164412071
10312,448,0,1,0,14,0,0,1,1,0,0,0,0,0,1,12,0,0,0,0,5,1,0,0,0,0,0,0,3,0,12,0,8,8,0,25,0,0,0,2,0,0,0,0,0,0,1,2,5,1,0,0,1,0,1,14,8,0,0,1,0,3,2,0,0,3,1,70,15,2,0,0,0,1,0,0,1,0,0,0,0,0,3,18,0,3,0,0,2,2,0,0,0,15,1,3,10,0,0,14,0,11,0,1,0,0,0,1,0,0,0,0,11,9,11,0,2,0,0,8,8,0,2,0,2,40,11,0,3,1,0,0,0,0,0,0,1,3,1,0,0,2,0,0,0,0,0,0,0,0,0,23,0,0,Illegal Parking,70,ZCTA5 10312,61114.0,96785.0,60999.0,3460.0,53863.0,590.0,7354.0,0.05672224134821882
10314,650,0,0,0,27,3,0,5,1,0,1,0,0,0,0,29,0,0,0,0,8,0,1,0,0,3,0,0,1,2,14,0,6,5,9,13,0,0,0,0,0,0,0,0,1,0,1,0,3,1,3,2,0,0,0,8,2,0,0,5,0,0,0,0,0,10,2,98,3,5,0,0,0,0,0,0,1,0,0,0,0,0,1,39,0,0,0,2,16,4,8,0,9,49,14,9,4,0,0,3,0,9,2,2,0,0,0,0,0,0,0,0,13,4,13,1,0,0,0,15,16,0,0,0,1,56,22,1,2,1,0,0,0,0,0,0,2,13,4,2,1,3,0,0,1,2,0,1,2,2,0,28,0,0,Illegal Parking,98,ZCTA5 10314,89938.0,90306.0,88848.0,8109.0,63791.0,3300.0,13674.0,0.09126823338735819
10451,660,0,8,0,3,2,0,1,1,0,0,0,0,0,0,12,1,0,0,0,1,0,0,0,1,8,0,0,0,9,2,0,1,1,9,11,0,1,0,0,0,0,9,2,0,18,0,8,10,2,1,2,0,0,6,5,2,0,0,113,0,0,5,0,0,8,0,65,0,1,0,5,0,1,0,0,1,0,0,1,0,0,12,7,1,0,0,0,12,6,0,0,0,83,57,5,4,1,0,1,0,0,13,27,1,0,0,0,0,0,1,0,1,3,0,6,0,0,0,1,3,1,0,0,0,7,8,0,0,0,0,0,0,0,0,0,1,9,28,2,0,0,0,0,0,0,6,0,11,2,0,3,0,0,HEAT/HOT WATER,113,ZCTA5 10451,49423.0,32598.0,49349.0,17056.0,8062.0,20160.0,28799.0,0.3456199720359075
10452,1447,0,13,1,7,1,0,0,2,0,0,0,0,0,0,22,8,0,0,0,14,0,0,0,0,1,0,0,0,33,1,0,4,0,15,15,0,4,0,1,0,0,26,5,0,11,0,9,35,2,1,3,0,0,33,2,1,0,0,204,0,0,4,0,0,4,0,147,0,6,0,3,0,0,0,0,1,0,0,0,0,0,6,6,0,0,0,0,4,28,0,0,1,165,185,70,13,0,0,1,0,0,69,42,3,0,0,0,0,0,0,0,5,20,0,6,0,0,0,3,9,4,0,0,0,6,8,2,0,1,1,0,0,0,0,0,0,9,99,0,0,0,0,0,0,0,4,1,35,1,0,1,0,0,HEAT/HOT WATER,204,ZCTA5 10452,74379.0,31351.0,73884.0,27059.0,11088.0,23894.0,51956.0,0.36623626224893074
10453,1207,0,16,0,8,2,0,0,2,0,0,0,0,0,0,26,3,0,0,0,1,0,0,0,0,4,0,0,1,23,1,0,0,0,21,5,1,0,0,1,0,0,16,2,0,25,0,0,9,1,1,3,0,0,20,3,2,0,0,282,0,0,2,0,0,8,0,108,0,1,0,5,2,0,0,0,3,0,0,0,0,0,4,3,2,0,0,0,11,13,0,0,1,185,101,23,4,0,0,2,1,0,38,54,6,0,0,0,0,0,1,0,1,5,0,10,0,0,0,1,3,1,0,0,0,8,3,1,1,0,3,1,0,0,0,0,0,6,57,0,0,0,0,0,0,1,10,0,31,1,0,6,0,0,HEAT/HOT WATER,282,ZCTA5 10453,78858.0,31778.0,78172.0,28137.0,8986.0,25681.0,54353.0,0.3599370618635829
10454,509,0,2,0,11,0,0,1,1,1,0,0,0,0,0,15,1,0,0,0,0,1,0,0,0,5,0,0,0,6,1,0,2,0,5,13,0,0,0,7,0,0,14,0,0,3,0,2,8,1,0,0,0,0,7,1,4,0,0,33,0,0,2,0,0,2,0,33,0,0,0,3,0,0,0,0,1,0,0,0,0,0,0,11,4,0,0,0,2,20,0,0,2,65,77,19,3,0,0,1,0,0,34,15,0,0,0,0,0,0,0,0,3,2,1,4,0,0,0,1,1,4,0,0,0,9,1,0,1,0,0,0,0,0,0,0,0,4,21,0,0,0,0,0,0,0,0,0,14,0,0,4,0,0,Noise - Street/Sidewalk,77,ZCTA5 10454,37807.0,23337.0,37267.0,16405.0,6264.0,13164.0,24959.0,0.44020178710387203
10455,574,0,7,0,4,1,0,0,0,0,0,0,0,0,0,20,0,0,0,0,2,0,0,0,0,2,0,0,0,15,3,0,1,0,3,15,0,0,0,1,0,0,6,0,0,10,0,0,6,1,0,0,0,0,5,4,1,0,0,41,0,1,3,0,0,3,2,95,0,0,0,1,0,1,0,0,1,0,0,0,0,0,1,10,1,0,0,0,7,4,0,0,0,73,68,13,3,0,0,2,0,0,17,20,0,0,0,0,0,0,1,0,2,5,1,6,1,0,0,1,3,1,0,1,0,7,0,1,3,0,0,1,0,0,0,0,1,6,34,1,0,1,0,0,0,0,5,0,12,2,0,4,0,0,Illegal Parking,95,ZCTA5 10455,40300.0,29439.0,39909.0,14363.0,6247.0,12739.0,29515.0,0.3598937583001328
10456,1061,0,16,0,3,0,0,2,1,0,0,0,0,0,0,50,2,0,0,0,1,0,0,1,1,1,0,0,0,19,0,1,4,1,9,6,0,1,0,0,0,0,17,0,0,5,0,1,14,0,1,0,0,0,11,9,1,0,0,103,0,2,11,0,0,12,0,83,0,2,0,5,1,2,0,0,0,0,1,0,0,1,0,9,0,0,0,0,6,4,0,0,1,248,114,42,2,0,1,2,0,0,42,43,3,0,0,0,0,0,0,0,2,2,2,5,0,0,1,4,1,2,0,0,0,5,5,0,1,0,0,0,0,0,0,0,0,11,55,0,0,3,0,0,0,0,3,0,30,1,0,10,0,0,Noise - Residential,248,ZCTA5 10456,90479.0,31645.0,88987.0,31939.0,11109.0,42701.0,52804.0,0.3589175947048445
10457,1101,0,17,0,6,2,0,3,4,0,0,0,0,0,7,21,1,0,0,0,7,0,0,0,1,2,0,0,0,36,1,1,2,1,7,11,0,0,0,3,0,0,16,1,1,23,0,3,33,0,0,3,1,0,24,8,4,0,0,112,0,0,5,0,0,11,0,96,0,1,0,0,0,0,0,0,4,0,0,0,0,0,6,8,0,0,0,0,7,11,0,5,2,227,72,13,5,0,0,1,0,1,45,45,1,0,0,0,0,0,0,0,5,7,0,7,1,0,0,3,2,7,0,0,0,7,6,1,1,2,0,0,0,0,0,0,0,6,72,0,0,0,0,0,0,0,2,2,32,0,1,9,0,0,Noise - Residential,227,ZCTA5 10457,74679.0,32378.0,73509.0,26492.0,14332.0,34049.0,49595.0,0.3603912446095036
10458,1228,0,12,1,6,0,1,1,5,0,0,0,0,0,0,38,0,3,0,0,7,1,0,0,5,7,0,0,0,39,2,0,0,0,13,6,0,4,0,2,0,0,34,1,2,4,1,8,28,3,0,0,0,0,39,4,4,0,0,192,0,0,4,0,0,10,0,87,0,0,0,2,0,0,0,0,1,0,0,0,0,0,1,13,1,0,0,0,6,35,0,0,1,155,123,19,9,0,1,0,0,0,45,59,2,0,0,0,0,0,0,0,2,8,1,7,0,0,0,3,0,1,0,1,0,13,4,0,1,0,0,0,0,0,0,0,1,4,71,2,0,0,0,0,0,0,29,1,28,1,0,3,0,0,HEAT/HOT WATER,192,ZCTA5 10458,85893.0,37886.0,82948.0,26616.0,13082.0,16270.0,61674.0,0.320875729372619
10459,650,0,14,0,5,1,0,0,3,0,0,0,0,0,0,34,2,0,0,0,2,0,0,0,0,4,0,0,0,26,1,0,3,0,4,15,0,8,0,1,0,0,7,0,0,3,1,1,11,2,0,0,0,0,9,8,1,0,0,65,0,0,1,0,0,6,0,37,0,0,0,1,0,0,0,0,0,0,0,0,0,0,2,22,0,0,0,0,8,14,0,0,0,101,72,9,0,0,0,1,0,1,24,18,2,0,0,0,0,0,1,0,3,7,0,8,0,0,0,0,0,1,0,0,0,5,3,0,0,1,2,0,0,0,0,0,0,8,38,1,0,0,0,0,0,0,3,0,14,1,0,4,0,0,Noise - Residential,101,ZCTA5 10459,48391.0,31896.0,47881.0,14997.0,5971.0,17050.0,32734.0,0.3132140097324617
10460,846,0,10,0,7,0,0,2,1,0,0,0,0,0,0,41,0,0,0,0,1,0,0,0,0,4,0,0,0,18,1,2,2,0,10,27,0,2,0,0,0,0,10,0,0,10,0,0,6,0,0,0,0,0,12,2,0,0,0,56,0,0,1,0,0,9,2,80,0,0,0,2,0,0,0,0,0,0,0,0,0,0,2,13,0,0,0,0,11,18,0,0,0,135,137,18,9,0,0,0,1,1,14,30,0,0,0,1,0,1,0,0,1,16,2,7,0,0,0,1,2,3,0,0,1,12,3,0,0,0,1,0,0,0,0,0,1,6,55,2,0,1,0,0,0,0,5,2,10,0,2,4,0,0,Noise - Street/Sidewalk,137,ZCTA5 10460,57514.0,28831.0,57028.0,20565.0,10055.0,19774.0,38643.0,0.3606123307848776
10461,753,0,6,0,17,2,0,0,2,0,0,0,0,0,0,38,0,1,0,0,4,1,0,0,0,1,0,0,0,9,1,0,3,2,13,14,0,0,0,8,0,3,6,2,1,1,0,1,4,2,0,1,0,0,7,9,5,0,0,43,1,0,3,0,0,10,0,196,0,5,0,12,0,0,0,0,2,0,6,0,0,1,5,7,2,0,0,0,27,16,0,0,0,93,6,8,4,0,3,1,0,1,7,8,1,0,0,0,0,0,1,0,6,5,3,3,0,0,0,6,3,12,0,1,0,19,17,4,0,0,2,0,0,0,0,0,2,7,14,2,0,0,0,0,0,0,6,0,4,1,0,3,0,0,Illegal Parking,196,ZCTA5 10461,51081.0,60802.0,50051.0,6767.0,24399.0,4721.0,24193.0,0.13520209386425847
10462,871,0,5,0,4,3,0,0,0,0,0,0,0,0,0,63,1,1,0,0,4,0,0,1,0,4,0,0,0,8,2,0,2,0,8,10,0,1,0,0,0,1,5,0,0,11,1,0,5,4,0,2,0,0,10,7,3,0,0,98,0,0,2,1,0,10,0,120,0,0,0,4,1,0,0,0,1,0,1,0,0,1,8,11,1,0,0,0,22,18,0,0,1,173,33,12,2,0,1,2,0,1,29,14,2,0,0,1,0,0,3,0,2,15,5,4,0,0,0,2,5,1,0,0,1,14,11,0,4,1,0,0,0,0,0,0,1,7,37,1,0,5,0,0,0,0,2,0,12,0,0,2,0,0,Noise - Residential,173,ZCTA5 10462,75441.0,57266.0,75017.0,13430.0,15651.0,20486.0,35057.0,0.17902608742018475
10463,928,0,6,0,5,2,0,0,1,1,0,0,0,0,0,36,0,0,0,0,1,0,0,0,7,3,0,0,5,9,1,0,0,0,8,11,0,0,0,2,0,0,5,0,1,6,0,0,8,1,2,0,0,0,4,7,2,0,0,107,0,0,1,0,0,9,4,231,0,1,0,4,1,1,0,0,2,0,0,1,0,0,12,9,0,0,0,0,6,20,0,0,0,148,58,22,6,0,0,0,1,1,21,14,1,0,0,0,0,0,1,0,4,10,1,3,0,0,0,3,2,5,0,0,0,11,1,2,3,0,1,0,0,0,0,0,1,1,29,0,0,0,0,0,0,0,3,2,20,1,2,7,0,0,Illegal Parking,231,ZCTA5 10463,70236.0,60397.0,67757.0,12295.0,32246.0,12085.0,36633.0,0.1814572664078988
10464,78,0,0,0,5,0,0,1,0,0,0,0,0,0,0,2,0,0,0,0,0,0,0,0,0,0,0,0,1,0,1,0,0,1,1,0,0,0,0,0,0,0,0,0,1,0,0,0,0,1,0,0,0,0,0,3,0,0,0,0,0,0,0,0,0,0,0,5,0,0,0,0,0,1,0,0,1,0,0,0,0,0,3,4,0,0,0,0,1,3,0,0,3,3,10,0,0,0,0,0,0,2,0,0,0,0,0,0,0,0,0,0,0,0,1,0,0,0,0,2,0,0,0,0,0,11,1,0,0,0,0,0,0,0,0,0,2,4,0,0,0,0,0,0,0,0,0,2,0,0,1,1,0,0,Street Condition,11,ZCTA5 10464,4322.0,101935.0,4322.0,270.0,3031.0,21.0,1591.0,0.06247107820453494
10465,497,0,0,0,25,0,0,3,1,0,0,0,0,0,0,22,0,0,0,0,2,0,0,0,0,1,0,0,1,4,1,0,0,3,10,6,1,0,0,0,0,0,1,0,0,0,0,0,0,1,1,0,0,0,0,10,1,0,0,27,1,0,0,0,0,13,3,157,0,1,0,0,0,0,0,0,0,0,0,0,0,0,2,18,0,0,0,0,19,4,0,0,6,52,12,6,2,0,0,3,1,3,2,2,0,0,0,2,0,0,0,0,1,0,0,0,0,0,0,1,1,1,0,0,0,29,9,2,6,0,0,0,0,0,0,1,0,4,4,0,0,1,0,0,0,0,0,0,3,2,0,2,0,0,Illegal Parking,157,ZCTA5 10465,45066.0,74889.0,43096.0,5963.0,25152.0,5947.0,21153.0,0.13836550956005197
10466,2107,0,3,0,18,4,0,0,2,0,0,0,0,0,0,61,1,0,0,0,6,0,0,0,0,3,0,0,2,7,1,0,6,0,18,12,0,0,0,2,0,0,15,0,1,1,0,0,4,0,0,1,0,0,6,1,0,0,0,55,0,0,1,0,0,16,0,157,0,0,0,4,0,0,0,0,1,0,0,0,0,2,1,22,1,0,0,0,6,19,0,0,0,1451,18,7,15,0,0,5,0,6,13,27,0,0,0,1,0,0,0,0,2,2,3,3,0,0,0,3,8,0,0,0,0,8,8,0,0,0,0,0,0,0,0,0,0,5,13,0,0,0,0,0,0,1,3,0,13,1,2,29,0,0,Noise - Residential,1451,ZCTA5 10466,74519.0,58405.0,73544.0,12788.0,7801.0,52297.0,18621.0,0.17388230175133254
10467,1414,0,14,0,6,2,0,1,5,0,0,0,0,0,0,54,1,0,0,0,6,1,0,0,0,0,0,0,0,22,2,1,0,1,19,13,0,0,0,0,0,0,15,2,0,22,0,2,18,2,1,3,0,0,16,7,2,0,0,183,0,0,4,1,0,9,1,208,0,1,0,1,0,0,0,0,1,0,2,0,0,0,9,6,1,0,0,0,12,3,0,0,9,268,101,47,14,0,0,2,1,2,54,46,0,0,0,0,0,0,0,0,7,16,0,8,0,0,0,1,6,2,0,0,0,27,14,0,1,1,1,0,0,0,0,0,1,7,49,1,0,0,1,0,0,0,6,2,35,0,1,3,0,0,Noise - Residential,268,ZCTA5 10467,100867.0,40639.0,99289.0,24716.0,24388.0,34448.0,52678.0,0.24892989152876954
10468,1195,0,14,0,7,1,0,2,1,0,0,0,0,0,1,33,1,0,0,0,2,0,0,0,1,4,0,0,0,34,0,1,0,0,7,7,0,3,1,4,1,0,18,0,0,16,1,7,20,1,0,5,0,0,15,4,2,0,0,118,0,0,4,0,0,10,1,174,0,0,0,3,1,0,0,0,0,0,0,0,0,0,9,10,1,1,0,0,4,7,0,0,3,166,110,46,4,0,0,6,0,0,48,53,0,0,0,0,0,0,1,0,5,8,0,9,0,0,0,5,1,1,0,0,0,15,6,0,1,1,1,0,0,0,0,0,0,5,53,0,0,0,0,0,1,0,46,4,29,1,3,6,0,0,Illegal Parking,174,ZCTA5 10468,78778.0,37777.0,77347.0,21679.0,12013.0,19295.0,61285.0,0.2802823638925879
10469,724,0,9,0,17,1,0,0,2,0,0,0,0,0,0,63,1,0,0,0,10,0,0,1,0,5,0,0,0,8,6,0,6,5,24,8,0,1,0,1,0,0,10,0,1,2,0,0,11,0,0,2,0,0,5,7,2,0,0,146,1,0,0,0,0,6,0,89,0,0,0,5,0,2,0,0,0,0,0,1,0,1,4,18,1,0,0,0,12,4,0,0,4,53,14,9,1,0,0,3,0,5,23,15,0,0,0,3,0,0,0,0,3,4,5,1,1,0,0,3,3,0,0,2,0,8,5,0,0,0,3,0,0,0,0,0,0,8,23,0,0,0,0,0,0,1,4,0,8,1,0,13,0,0,HEAT/HOT WATER,146,ZCTA5 10469,72550.0,67190.0,70051.0,10883.0,12217.0,41335.0,20352.0,0.15535823899730197
10470,270,0,4,1,7,0,0,0,0,0,0,0,0,0,0,16,0,0,0,0,0,0,0,0,0,0,0,0,0,4,3,0,0,0,8,0,0,0,0,0,0,0,0,0,0,8,0,0,1,1,0,0,0,0,1,1,1,0,0,61,0,0,0,0,0,4,3,68,0,0,0,0,0,0,0,0,0,0,0,1,0,0,0,4,0,0,0,0,1,3,0,0,0,18,10,3,2,0,0,0,0,1,3,2,0,0,0,0,0,0,0,0,1,1,0,0,2,0,0,1,1,0,0,0,0,3,3,0,0,0,0,0,0,0,0,0,0,1,4,0,0,0,0,0,0,0,0,0,1,0,0,12,0,0,Illegal Parking,68,ZCTA5 10470,15500.0,64643.0,15435.0,1686.0,6508.0,5929.0,3028.0,0.10923226433430515
10471,326,0,0,0,11,0,0,0,0,0,0,0,0,0,0,13,1,0,0,0,1,0,0,0,2,3,0,0,1,2,2,0,1,0,4,0,0,0,0,0,0,0,3,0,1,1,0,0,2,0,0,0,0,0,3,0,0,0,0,18,0,0,0,0,0,4,0,116,0,0,0,1,0,0,0,0,1,0,0,1,0,0,2,4,0,0,0,0,3,3,0,0,5,44,5,5,7,0,0,0,0,1,1,3,0,0,0,0,0,0,0,0,3,0,1,1,0,0,0,4,6,0,0,1,0,11,1,2,0,0,0,0,0,0,0,0,0,1,0,0,0,0,0,0,0,0,2,6,3,0,1,7,0,1,Illegal Parking,116,ZCTA5 10471,22577.0,93657.0,19396.0,1536.0,14922.0,2215.0,5659.0,0.07919158589399876
10472,728,0,6,0,6,1,0,0,1,0,0,0,0,0,0,44,0,0,0,0,6,0,0,0,1,2,0,0,0,12,1,1,0,1,12,21,0,2,0,4,0,0,5,0,2,6,0,0,4,2,1,1,0,0,16,15,1,0,0,70,0,0,2,0,0,10,0,94,0,1,0,6,1,0,0,1,0,0,0,0,0,0,9,15,0,0,0,0,8,10,0,0,4,95,49,15,5,0,0,6,0,1,16,18,3,0,0,3,0,0,3,0,4,7,4,3,1,0,0,2,20,4,0,0,2,1,7,0,2,1,0,0,0,0,0,0,0,7,18,2,0,1,0,0,0,0,4,1,11,0,0,7,0,0,Noise - Residential,95,ZCTA5 10472,67989.0,36038.0,67319.0,19786.0,7903.0,17483.0,42914.0,0.29391405101085877
10473,532,0,3,0,13,0,0,1,1,1,0,0,0,0,0,34,3,0,0,0,1,0,0,0,0,2,0,0,1,8,0,0,2,0,15,4,0,0,0,0,0,2,3,0,0,0,0,0,4,0,0,0,0,0,3,2,0,0,0,37,0,0,0,0,0,10,0,76,0,1,0,2,0,0,0,0,0,0,0,2,0,0,7,12,0,0,0,0,11,3,0,0,4,103,56,13,0,0,0,4,0,1,13,6,0,0,0,0,0,0,0,0,2,2,6,1,0,0,0,1,2,1,0,0,0,7,4,0,0,1,0,0,0,0,0,0,5,3,21,0,0,0,0,0,0,1,2,1,2,0,0,6,0,0,Noise - Residential,103,ZCTA5 10473,59627.0,47856.0,58941.0,13805.0,17329.0,22578.0,37130.0,0.2342172681155732
10474,197,0,2,0,5,0,0,0,2,0,0,0,0,0,0,10,0,0,0,0,0,0,0,0,0,0,0,0,0,3,0,0,0,0,5,3,0,0,0,0,0,0,2,0,0,0,0,1,7,0,0,0,0,0,1,2,0,0,0,19,0,0,1,0,0,5,0,19,0,1,0,0,0,0,0,0,0,0,0,0,0,0,0,0,0,0,1,0,1,2,0,0,0,21,26,8,3,0,0,0,0,0,5,13,0,0,0,1,0,0,0,0,0,1,0,0,0,0,0,0,2,0,0,0,0,3,0,0,0,0,0,0,0,0,0,0,0,4,10,1,0,0,0,0,0,0,0,0,7,0,0,0,0,0,Noise - Street/Sidewalk,26,ZCTA5 10474,11579.0,28419.0,10732.0,4459.0,1603.0,4933.0,7273.0,0.4154863958255684
10475,158,0,0,0,7,0,0,0,0,2,0,0,0,0,0,5,0,0,0,0,0,1,0,0,0,2,0,0,0,1,0,0,0,0,14,1,0,0,0,0,0,0,0,0,0,0,0,1,7,6,2,0,0,0,2,0,0,0,0,2,0,0,1,0,0,7,0,29,2,0,0,1,0,0,0,0,0,0,0,0,0,0,0,2,0,0,0,0,0,1,0,0,0,10,4,5,1,0,0,0,0,1,4,9,0,0,0,0,0,0,0,0,0,0,0,1,0,0,0,0,0,1,0,0,0,3,4,1,1,0,0,0,0,0,0,0,0,2,5,0,0,0,1,0,0,0,0,0,1,2,0,6,0,0,Illegal Parking,29,ZCTA5 10475,43791.0,53819.0,42505.0,5639.0,6277.0,27837.0,13124.0,0.13266674508881307
11001,42,0,0,0,1,0,0,0,0,0,0,0,0,0,0,4,0,0,0,0,0,0,0,0,0,0,0,0,0,0,0,0,0,0,0,0,0,0,0,0,0,0,0,0,1,0,0,0,0,0,0,0,0,0,0,0,0,0,0,0,0,0,0,0,0,0,0,20,0,0,0,0,0,0,0,0,0,0,0,0,0,0,0,5,0,0,0,0,0,0,0,0,0,4,2,0,0,0,0,0,0,1,0,0,0,0,0,0,0,0,0,0,0,0,1,0,0,0,0,1,0,0,0,0,0,2,0,0,0,0,0,0,0,0,0,0,0,0,0,0,0,0,0,0,0,0,0,0,0,0,0,0,0,0,Illegal Parking,20,ZCTA5 11001,26542.0,124949.0,26523.0,867.0,16888.0,1447.0,3604.0,0.03268860988575953
11004,48,0,0,0,3,0,0,0,0,0,0,0,0,0,0,3,0,0,0,0,6,0,0,0,0,0,0,0,0,0,1,0,0,1,0,0,0,1,0,0,0,0,0,0,0,0,0,0,0,0,0,0,0,0,0,0,0,0,0,0,0,0,0,0,0,0,0,6,3,0,0,0,0,0,0,0,1,0,0,0,0,0,1,1,0,0,0,0,1,0,0,0,0,2,0,0,0,0,0,0,0,1,0,0,0,0,0,1,0,0,0,0,0,1,0,0,0,0,0,4,0,0,0,1,0,6,0,2,0,0,0,0,0,0,0,0,0,0,0,0,0,0,0,0,0,0,0,0,0,0,0,2,0,0,Building/Use,6,ZCTA5 11004,15297.0,97845.0,14321.0,1299.0,4999.0,752.0,1850.0,0.09070595628796872
11005,4,0,0,0,0,0,0,0,1,0,0,0,0,0,0,0,0,0,0,0,0,0,0,0,0,0,0,0,0,0,0,0,0,0,0,0,0,0,0,0,0,0,0,0,0,0,0,0,0,0,0,0,0,0,0,0,0,0,0,0,0,0,0,0,0,0,0,1,0,0,0,0,0,0,0,0,0,0,0,0,0,0,0,0,0,0,0,0,1,0,0,0,0,0,0,0,0,0,0,0,0,0,0,1,0,0,0,0,0,0,0,0,0,0,0,0,0,0,0,0,0,0,0,0,0,0,0,0,0,0,0,0,0,0,0,0,0,0,0,0,0,0,0,0,0,0,0,0,0,0,0,0,0,0,Animal-Abuse,1,ZCTA5 11005,2249.0,75742.0,2249.0,202.0,2137.0,0.0,5.0,0.08981769675411294
11040,31,0,0,0,1,0,0,0,0,0,0,0,0,0,0,5,0,1,0,0,0,0,0,0,0,0,0,0,0,0,2,0,0,0,0,0,0,0,0,0,0,0,0,0,0,0,0,0,0,0,0,1,0,0,0,1,2,0,0,0,0,0,0,0,0,0,0,6,2,0,0,0,0,0,0,0,0,0,0,0,0,0,0,4,0,0,0,0,0,0,0,0,0,0,0,0,1,0,0,0,0,1,0,0,0,0,0,0,0,0,0,0,0,0,0,0,0,0,0,0,0,0,0,0,0,3,0,0,0,0,0,0,0,0,0,0,0,1,0,0,0,0,0,0,0,0,0,0,0,0,0,0,0,0,Illegal Parking,6,ZCTA5 11040,41523.0,132767.0,41495.0,1359.0,20182.0,364.0,5428.0,0.0327509338474515
11101,1189,0,1,0,29,2,0,2,1,0,0,0,0,0,0,54,0,0,0,0,2,0,0,0,0,6,1,0,1,0,2,0,1,2,10,11,0,0,0,11,2,0,0,0,0,2,0,7,0,3,3,15,0,0,2,8,6,0,0,6,0,3,4,0,0,17,0,508,0,1,1,4,0,0,0,1,4,0,0,1,0,1,10,4,9,0,0,0,20,40,0,0,4,109,42,21,5,1,0,9,1,0,0,1,1,0,0,0,0,0,0,0,12,3,0,0,0,0,0,4,13,6,0,0,0,32,7,6,3,9,0,0,2,0,0,0,4,24,2,1,0,0,1,0,0,0,24,4,1,1,0,18,0,0,Illegal Parking,508,ZCTA5 11101,32537.0,89525.0,32121.0,4531.0,13324.0,4469.0,7105.0,0.14106036549297968
11102,488,0,0,0,2,0,0,4,2,0,0,0,0,0,2,43,0,0,0,0,5,0,0,0,0,1,0,0,0,3,7,0,3,1,2,13,0,3,0,9,0,0,4,0,0,0,1,0,1,0,0,0,0,0,0,7,0,0,0,32,0,0,1,0,0,3,0,80,0,0,0,2,0,0,0,0,2,0,1,0,1,0,14,11,0,0,0,0,12,22,0,0,3,64,25,6,11,0,0,4,1,0,5,2,1,0,0,0,0,0,3,0,10,6,0,0,0,0,0,1,3,1,0,2,2,13,4,0,0,0,2,0,0,0,0,0,0,16,3,0,0,1,0,0,0,0,0,0,2,0,0,3,0,0,Illegal Parking,80,ZCTA5 11102,28359.0,81462.0,28076.0,4258.0,16458.0,2186.0,7282.0,0.15165978059552643
11103,541,0,0,0,8,1,0,2,2,0,0,0,0,0,0,37,0,4,0,0,3,0,0,0,0,2,0,0,2,1,3,0,5,0,5,21,0,10,0,0,1,0,2,0,0,1,0,5,0,7,0,0,0,0,1,2,5,0,0,14,0,0,2,0,0,5,1,139,0,2,0,0,0,0,0,0,3,0,0,1,0,0,0,8,0,0,0,0,13,68,1,0,0,38,27,14,0,0,0,0,1,2,0,2,0,0,0,0,0,0,1,0,6,11,1,0,0,0,0,2,6,3,0,0,0,14,2,0,1,0,0,0,1,0,0,0,3,0,11,0,0,0,0,0,0,0,0,2,1,0,0,5,0,0,Illegal Parking,139,ZCTA5 11103,35419.0,81677.0,35349.0,3590.0,23557.0,1044.0,8549.0,0.10155874282157912
11104,295,0,1,0,9,0,0,0,0,0,0,0,0,1,0,14,1,0,0,0,2,0,0,1,0,0,0,0,0,5,2,0,1,3,3,3,0,0,0,0,0,0,8,0,0,0,0,1,2,0,0,3,0,0,0,0,1,0,0,36,0,0,3,0,0,6,0,39,0,0,0,1,0,0,0,0,2,0,0,0,0,0,1,2,1,0,0,0,8,6,0,1,0,30,15,7,2,0,0,0,0,0,12,6,0,0,0,0,0,0,0,0,3,3,0,2,1,0,1,1,0,0,0,2,0,4,3,0,1,0,0,0,0,0,0,0,0,3,13,0,0,0,1,0,0,0,2,1,11,0,0,4,0,0,Illegal Parking,39,ZCTA5 11104,25037.0,75772.0,24981.0,2366.0,14891.0,420.0,6972.0,0.09471198110564029
11105,510,0,6,0,6,1,0,1,0,0,0,0,0,0,1,46,1,0,0,0,0,0,0,0,0,4,0,0,1,9,6,0,2,1,11,11,1,3,0,0,0,0,4,0,0,0,1,1,2,1,1,1,0,0,2,7,1,0,0,2,0,0,1,0,0,4,2,144,1,0,0,3,0,0,0,0,5,0,0,1,0,0,3,15,0,0,0,0,17,25,0,0,1,22,39,6,1,0,0,6,1,3,6,3,0,0,0,0,0,0,1,0,8,18,0,3,2,0,0,2,3,0,0,0,0,5,3,1,0,2,0,0,0,0,0,0,1,3,6,0,0,0,1,0,0,0,1,1,3,1,0,2,0,0,Illegal Parking,144,ZCTA5 11105,37452.0,86516.0,37415.0,3693.0,27351.0,1020.0,8379.0,0.09870372845115595
11106,525,0,1,0,12,0,0,0,0,0,0,0,0,0,1,46,0,0,0,0,3,0,0,0,1,2,0,0,1,5,1,0,0,0,5,9,0,0,0,2,0,0,2,0,0,5,3,0,3,0,1,1,0,0,13,5,2,0,0,15,0,0,1,0,0,4,0,67,0,1,0,4,0,0,0,0,3,0,0,0,0,0,2,7,1,0,0,0,29,21,0,0,1,61,27,7,3,0,0,3,0,2,51,3,3,0,0,0,0,0,0,0,6,4,2,7,0,0,0,1,12,3,0,0,1,7,1,0,0,0,0,0,0,0,0,0,1,9,20,1,0,0,1,0,0,0,4,0,2,1,0,2,0,0,Illegal Parking,67,ZCTA5 11106,37094.0,71865.0,36972.0,4254.0,20347.0,2812.0,10228.0,0.11506004543979227
11109,30,0,0,0,2,0,0,0,0,0,0,0,0,0,0,0,0,0,0,0,0,0,0,0,0,0,0,0,0,0,0,0,0,0,1,0,0,0,0,0,0,0,0,0,0,0,0,0,0,1,0,3,0,0,0,0,0,0,0,0,0,0,1,0,0,0,0,15,0,0,0,0,0,0,0,0,0,0,0,0,0,0,0,0,0,0,0,0,1,0,0,0,0,0,4,0,0,0,0,0,0,0,0,0,0,0,0,0,0,0,0,0,0,0,0,0,0,0,0,0,0,0,0,0,0,0,1,0,0,0,0,0,1,0,0,0,0,0,0,0,0,0,0,0,0,0,0,0,0,0,0,0,0,0,Illegal Parking,15,ZCTA5 11109,6127.0,169425.0,6127.0,80.0,3534.0,91.0,442.0,0.013056960992329036
11201,1364,0,0,2,41,3,0,1,1,0,0,0,0,0,1,17,0,1,0,0,0,0,0,8,1,9,0,0,3,9,3,1,2,4,1,11,0,1,0,0,2,0,1,0,0,3,1,8,0,16,2,27,0,0,0,6,1,0,1,7,0,3,18,0,0,6,0,596,6,5,0,1,0,0,0,0,6,0,0,0,1,0,10,4,6,0,0,0,33,31,10,0,1,139,39,15,1,1,0,21,1,0,2,5,7,0,0,0,0,0,3,0,24,6,0,0,0,0,0,2,11,1,0,2,1,46,5,3,1,0,1,0,0,0,0,0,4,15,6,0,0,0,0,0,0,0,53,9,1,0,0,7,0,0,Illegal Parking,596,ZCTA5 11201,64798.0,139697.0,61125.0,7178.0,41093.0,7977.0,7354.0,0.11743149284253579
11203,708,0,5,0,11,1,0,1,2,0,0,0,0,0,1,61,0,1,0,0,5,0,0,0,0,8,0,0,0,7,6,0,4,2,7,6,0,4,0,0,0,0,13,0,0,2,0,0,4,0,0,3,0,0,8,7,1,0,0,50,0,0,2,0,0,7,0,54,0,0,0,0,0,0,0,0,0,0,0,0,0,0,4,21,0,0,0,0,2,44,0,1,0,83,42,12,15,1,0,2,0,4,28,23,2,0,0,0,0,0,0,0,9,10,3,5,0,0,0,8,6,1,0,0,0,13,8,0,1,0,1,0,0,0,0,0,0,11,34,2,0,1,0,0,0,0,2,0,16,1,0,7,0,2,Noise - Residential,83,ZCTA5 11203,77589.0,57707.0,75982.0,10468.0,3385.0,67107.0,5304.0,0.13776947171698561
11204,616,0,1,2,10,1,0,0,1,0,0,0,0,0,0,43,0,2,0,0,3,0,0,0,0,3,0,0,6,3,6,1,5,5,3,8,0,2,0,1,0,0,0,1,0,0,0,0,1,0,0,0,0,0,3,8,6,0,0,45,0,0,0,0,0,2,0,182,0,6,0,0,0,0,0,0,1,0,3,0,0,3,4,25,1,0,0,2,9,1,0,0,0,72,5,0,4,0,0,0,0,2,5,3,0,0,0,0,0,0,1,1,8,17,3,1,0,0,1,4,4,0,0,3,0,13,6,0,3,0,0,0,0,0,0,0,1,11,11,2,0,1,0,0,0,1,5,3,2,0,0,14,0,0,Illegal Parking,182,ZCTA5 11204,75840.0,54984.0,75611.0,14794.0,42054.0,808.0,9042.0,0.19565936173308116
11205,748,0,2,0,4,4,0,2,2,0,0,0,0,0,0,10,0,1,0,0,1,0,0,0,2,1,0,0,1,2,4,0,0,1,2,12,0,0,0,0,1,0,3,0,0,3,0,3,2,2,1,1,0,0,4,7,1,0,0,8,0,0,3,0,0,6,0,429,0,1,0,2,0,0,0,0,3,0,1,2,0,0,1,6,0,0,0,0,13,11,1,0,6,49,11,7,1,0,0,0,0,0,4,2,6,0,0,0,0,0,1,0,15,5,1,0,1,0,0,4,10,3,0,2,0,11,1,6,0,2,2,0,0,0,0,0,1,14,6,0,0,2,0,0,0,0,0,1,3,0,0,5,0,0,Illegal Parking,429,ZCTA5 11205,47866.0,62952.0,46040.0,14076.0,25199.0,13669.0,7871.0,0.3057341442224153
11206,815,0,2,0,9,6,0,3,4,0,0,0,0,0,0,25,0,0,0,0,0,0,0,0,2,0,0,0,2,5,4,0,7,3,5,23,0,2,0,0,0,0,13,0,0,1,1,6,5,4,2,0,0,0,8,4,6,0,0,31,0,0,9,0,0,14,2,73,0,1,0,1,0,1,0,0,3,0,0,0,0,0,5,10,0,0,0,0,27,93,0,0,0,128,83,18,2,0,1,5,0,2,17,9,3,0,0,0,0,0,0,0,16,9,2,5,1,0,0,2,7,1,0,2,0,14,3,1,1,0,2,0,0,0,0,0,0,17,17,2,0,0,0,0,0,1,2,1,7,2,1,9,0,0,Noise - Residential,128,ZCTA5 11206,87599.0,43065.0,87399.0,30051.0,40492.0,19698.0,32979.0,0.3438368860055607
11207,1101,0,5,0,10,1,0,3,10,0,0,0,0,0,0,67,1,0,0,1,2,2,0,0,0,6,0,0,1,26,13,0,6,2,21,20,0,1,0,0,0,0,18,2,0,7,0,8,12,4,1,0,0,0,8,9,3,0,0,90,0,0,4,0,0,28,1,128,10,3,0,4,1,1,0,0,2,0,0,2,0,3,9,20,0,0,0,0,9,35,0,0,2,163,55,20,6,0,0,2,0,13,18,21,0,1,0,3,0,0,3,0,7,3,4,1,0,0,0,8,3,1,0,0,0,9,10,1,1,1,8,0,0,0,0,0,2,25,52,1,0,0,0,0,0,0,1,2,16,1,0,17,0,0,Noise - Residential,163,ZCTA5 11207,90867.0,42276.0,90026.0,24359.0,12502.0,57897.0,29584.0,0.2705773887543598
11208,1161,0,8,0,35,0,0,0,0,1,0,0,0,0,1,87,1,0,0,0,12,0,0,0,0,8,0,0,3,7,1,0,4,1,17,21,0,0,0,0,0,0,21,0,3,7,0,2,16,0,1,5,0,0,8,7,2,0,0,52,0,2,3,0,0,32,0,195,26,3,0,5,0,0,0,0,2,0,0,1,0,4,5,22,1,0,0,0,12,18,0,0,0,156,33,19,6,0,0,4,0,6,27,45,0,0,0,2,0,0,1,0,6,8,6,6,1,0,0,10,3,1,0,0,0,31,4,1,4,0,8,0,0,0,0,0,0,22,54,0,0,2,0,0,0,0,9,0,19,0,0,5,0,0,Illegal Parking,195,ZCTA5 11208,102626.0,45946.0,101863.0,24848.0,23864.0,54146.0,40931.0,0.24393548197088247
11209,1011,0,2,3,17,1,0,2,0,4,0,0,0,0,0,41,1,0,0,0,1,1,1,0,0,3,0,0,5,5,5,1,4,2,20,13,0,0,0,7,0,0,8,3,1,0,2,5,5,3,0,7,0,0,1,35,3,0,0,83,0,1,6,0,0,13,9,345,0,6,0,3,0,0,0,0,3,0,0,3,0,0,8,7,0,0,0,0,14,33,0,1,0,67,31,11,2,0,0,1,0,15,5,5,0,0,0,2,1,0,1,0,16,14,4,0,1,0,0,5,12,3,0,5,0,14,12,3,1,0,4,0,0,0,0,0,1,5,10,1,0,0,0,0,0,0,0,0,6,1,0,5,0,0,Illegal Parking,345,ZCTA5 11209,68368.0,79524.0,68012.0,7291.0,48436.0,2845.0,12163.0,0.10720167029347762
11210,546,0,6,0,5,1,0,0,2,0,0,0,0,0,0,26,0,1,0,0,3,0,0,0,0,5,0,0,0,14,8,0,1,2,8,8,0,0,0,0,0,0,5,0,0,5,0,0,8,0,0,0,0,0,11,7,1,0,0,48,0,0,3,0,0,10,0,83,0,0,0,2,0,0,0,0,1,0,0,3,0,0,1,11,0,0,0,0,2,12,0,0,0,72,12,5,1,0,0,2,0,9,17,19,0,0,0,0,0,0,0,0,1,4,3,2,0,0,0,2,4,0,0,0,0,9,16,0,2,1,0,0,1,0,0,0,0,6,33,1,0,1,1,0,0,1,1,0,12,0,0,5,0,0,Illegal Parking,83,ZCTA5 11210,62423.0,70776.0,61963.0,6724.0,19856.0,35240.0,4744.0,0.10851637267401514
11211,798,0,5,1,4,2,0,8,4,0,0,0,0,1,0,12,0,0,0,0,1,0,0,0,0,2,0,0,2,7,1,0,2,4,3,16,0,1,0,1,0,0,3,0,0,5,0,2,12,6,3,12,0,0,11,8,34,0,0,36,0,0,8,0,0,4,1,82,0,2,0,2,0,0,0,0,7,0,0,2,1,0,11,18,5,0,0,0,10,60,0,1,0,75,67,24,5,0,0,2,2,2,13,7,7,0,0,0,0,0,4,0,23,10,2,2,1,0,0,5,6,4,0,2,0,21,8,1,0,0,7,0,0,0,0,0,0,13,40,0,0,0,0,0,0,0,9,1,8,0,0,4,0,0,Illegal Parking,82,ZCTA5 11211,104561.0,90871.0,104222.0,25207.0,74440.0,6567.0,25035.0,0.24185872464546831
11212,818,0,8,0,3,3,0,0,5,0,0,0,0,0,0,49,0,0,0,0,7,0,0,0,1,5,0,0,1,24,1,0,11,2,1,6,0,0,0,0,0,0,7,0,1,1,0,1,11,1,0,0,0,0,12,2,5,0,0,40,0,2,2,0,0,7,0,62,1,1,0,10,1,0,0,0,3,0,0,1,0,0,4,7,0,0,0,0,9,11,1,0,1,169,52,29,12,0,2,2,0,0,26,32,0,0,0,2,0,0,0,0,6,2,1,4,0,0,0,3,4,3,0,0,0,14,8,1,0,0,1,0,0,0,0,0,0,26,56,1,0,0,0,0,0,0,0,0,18,1,0,12,0,0,Noise - Residential,169,ZCTA5 11212,74037.0,29385.0,72787.0,23962.0,6398.0,57275.0,13314.0,0.32920713863739404
11213,702,0,6,0,4,0,0,0,5,0,0,0,0,0,0,24,0,0,0,0,3,0,0,0,0,1,0,0,3,21,0,0,0,1,3,13,0,0,0,4,1,0,9,0,0,4,2,1,13,3,0,2,0,0,7,7,4,0,0,124,0,0,0,0,0,2,0,66,0,0,0,4,0,0,0,0,3,0,0,0,0,0,5,7,0,0,0,0,10,18,0,0,2,101,21,9,0,0,0,2,0,6,17,35,0,0,0,1,0,0,3,0,8,10,3,3,0,0,0,3,5,2,0,1,1,13,6,1,0,1,0,0,0,0,0,0,1,11,36,0,0,3,0,0,0,0,0,1,15,0,0,1,0,0,HEAT/HOT WATER,124,ZCTA5 11213,67382.0,48318.0,66293.0,14178.0,16970.0,43233.0,7912.0,0.2138687342555021
11214,1155,0,9,0,21,2,0,0,3,0,0,0,1,0,1,94,1,1,0,0,5,1,0,0,0,5,0,0,2,6,6,0,5,1,10,9,0,1,0,0,1,0,5,0,0,2,0,1,17,4,0,0,0,0,14,9,15,0,0,43,0,1,3,1,0,12,1,350,0,4,0,2,0,0,0,0,2,0,0,0,0,1,14,22,2,0,0,0,4,10,0,0,0,120,8,3,6,0,0,3,0,8,15,130,0,1,0,1,0,0,0,0,11,3,7,3,2,0,0,2,8,2,0,0,0,13,6,1,0,0,6,0,0,0,0,0,1,8,45,2,0,0,1,0,0,0,7,2,4,0,0,2,0,0,Illegal Parking,350,ZCTA5 11214,90372.0,57639.0,89512.0,14875.0,42330.0,1820.0,15975.0,0.16617883635713648
11215,745,0,4,3,10,7,0,29,1,0,0,0,0,0,2,17,0,0,0,0,2,0,0,2,0,7,0,0,8,0,12,0,0,6,6,19,0,0,0,0,2,0,1,0,0,0,2,12,2,3,2,11,0,0,4,15,3,0,0,16,0,1,8,0,0,4,1,159,2,4,0,1,1,0,0,0,8,0,1,3,0,0,30,28,1,1,0,3,30,14,1,0,3,13,24,5,6,0,0,3,3,8,6,7,4,0,0,0,0,0,3,0,16,21,3,0,1,0,0,3,17,0,0,0,0,19,2,1,1,0,0,0,0,0,0,0,0,19,9,0,0,0,4,0,0,0,4,1,1,1,0,28,0,0,Illegal Parking,159,ZCTA5 11215,69995.0,144330.0,69618.0,4641.0,51922.0,2848.0,11032.0,0.06666379384641903
11216,805,0,7,5,16,2,0,1,4,2,0,0,0,0,0,12,0,0,0,0,1,0,0,1,0,4,0,0,5,12,9,1,2,1,7,26,0,0,0,3,0,0,7,2,0,3,2,3,9,4,1,7,0,0,14,12,5,0,0,74,0,0,3,0,0,8,2,62,0,0,0,1,0,0,0,0,8,0,0,2,1,1,7,17,0,0,0,0,17,33,0,0,1,78,70,13,19,0,4,1,0,1,20,19,2,0,0,0,0,0,3,0,17,13,4,2,1,0,0,1,6,2,0,2,0,17,2,0,1,0,1,0,0,0,0,0,1,13,38,0,0,1,0,0,1,0,0,1,15,2,1,5,0,1,Noise - Residential,78,ZCTA5 11216,59567.0,77343.0,59327.0,8821.0,19128.0,30377.0,7315.0,0.14868441013366596
11217,612,0,2,4,0,1,0,1,2,0,0,0,0,1,1,17,0,1,0,0,0,0,0,0,2,0,0,0,9,3,1,1,9,0,2,6,0,2,0,1,1,0,2,0,0,1,2,11,1,2,2,16,0,0,2,9,1,0,0,29,0,2,9,0,0,4,0,149,0,6,0,0,0,0,0,0,3,0,1,0,0,0,4,5,0,0,0,0,15,36,16,0,2,44,48,11,1,0,0,4,1,3,5,1,0,0,0,0,0,0,1,1,11,6,1,0,1,0,0,1,5,5,0,0,0,18,4,1,0,0,0,0,1,0,0,0,1,7,24,0,0,0,0,0,0,0,2,0,1,1,0,5,0,0,Illegal Parking,149,ZCTA5 11217,42461.0,122598.0,41788.0,5689.0,24204.0,8288.0,6629.0,0.1361395615966306
11218,766,0,2,1,12,1,0,0,3,0,0,0,0,0,0,39,0,1,0,0,1,0,0,0,1,2,0,0,4,1,8,1,1,2,22,10,0,6,0,0,0,0,2,0,2,1,0,0,0,4,0,2,0,0,4,8,4,0,0,65,0,0,0,0,0,9,0,256,0,1,0,1,0,0,0,0,6,0,0,1,0,0,7,12,0,0,0,0,10,6,0,3,0,65,18,7,4,0,0,2,1,2,4,14,0,0,0,1,1,0,1,1,15,26,1,0,0,0,2,6,8,0,0,1,0,20,6,3,0,1,1,0,0,0,0,0,2,8,10,0,0,0,1,0,1,0,0,0,5,0,1,5,0,0,Illegal Parking,256,ZCTA5 11218,73280.0,78249.0,72664.0,11923.0,43368.0,6706.0,10630.0,0.16408400308268192
11219,452,0,1,0,8,0,0,0,0,0,1,0,0,0,1,41,0,1,0,0,3,0,0,1,0,2,0,0,4,4,1,1,3,3,9,6,0,1,0,0,1,0,0,1,0,0,0,0,4,1,0,0,0,0,5,8,4,0,0,20,0,0,0,0,0,10,0,118,0,0,0,1,0,0,0,1,0,0,2,0,0,0,9,7,0,0,0,0,10,3,0,0,6,24,5,5,0,0,0,3,0,2,4,9,0,0,0,0,0,0,2,0,8,8,5,0,0,0,0,4,8,0,0,1,0,19,4,0,0,0,0,1,0,0,0,0,1,7,14,0,0,0,0,0,0,0,0,0,3,0,0,13,0,0,Illegal Parking,118,ZCTA5 11219,87812.0,41907.0,86794.0,30784.0,57699.0,1295.0,10882.0,0.354678894854483
11220,881,0,7,4,17,2,0,1,4,0,0,0,0,1,0,50,0,0,0,0,14,0,0,0,0,8,0,0,2,11,8,0,2,0,9,20,0,9,0,1,1,0,9,0,0,2,1,13,6,1,2,2,0,0,4,14,21,0,0,18,0,0,6,0,0,28,1,196,0,2,0,3,0,3,0,0,2,0,0,2,0,1,9,17,4,0,0,1,10,4,0,0,4,64,35,8,5,0,0,6,3,3,9,10,1,0,1,2,0,0,3,0,10,15,4,10,2,0,0,4,11,2,0,2,0,26,5,4,0,2,1,1,1,0,0,0,0,15,29,0,0,0,0,0,0,0,21,2,4,0,0,3,0,0,Illegal Parking,196,ZCTA5 11220,90657.0,55119.0,89946.0,21346.0,27716.0,2877.0,36498.0,0.2373201698797056
11221,1048,0,7,0,5,3,0,0,1,0,0,0,0,0,0,69,0,0,0,0,9,1,0,1,3,4,0,0,4,18,4,1,7,1,14,24,0,1,0,2,0,0,10,0,1,7,2,0,5,2,0,2,2,0,8,13,8,0,0,66,1,2,4,0,0,9,0,113,0,1,0,0,1,0,0,0,3,0,0,1,0,1,3,20,0,0,0,1,17,40,0,0,2,178,68,31,3,0,0,4,1,6,17,31,2,0,0,0,0,0,4,0,20,18,7,5,0,0,0,5,7,1,0,1,0,16,1,2,0,0,3,0,0,0,0,0,0,18,44,1,0,0,0,0,0,1,1,0,20,1,1,6,0,0,Noise - Residential,178,ZCTA5 11221,85582.0,65548.0,85147.0,18887.0,21810.0,37775.0,28937.0,0.22181638812876556
11222,897,1,1,9,6,4,0,19,3,0,0,0,0,0,0,27,1,0,0,0,1,0,0,1,0,3,0,0,2,5,3,0,5,1,6,25,0,2,0,0,0,0,2,0,0,4,1,3,2,14,2,13,0,0,1,8,10,0,0,15,0,0,9,0,0,11,0,333,0,0,0,1,0,1,0,0,6,0,0,0,0,0,10,20,0,0,0,4,29,18,0,0,4,56,39,9,0,0,0,2,2,2,4,2,6,1,0,0,0,0,0,0,19,19,1,2,0,0,0,3,3,1,0,0,1,21,1,0,1,3,2,0,1,0,0,0,17,6,7,1,0,0,0,0,0,0,4,3,5,1,1,5,0,0,Illegal Parking,333,ZCTA5 11222,36710.0,96435.0,36604.0,3680.0,29347.0,1258.0,5592.0,0.10053546060539832
11223,719,0,0,0,16,1,0,0,2,0,1,0,0,0,0,67,3,1,0,0,9,0,0,0,0,4,0,0,3,8,4,0,2,1,7,11,0,0,0,0,0,0,6,0,0,1,0,1,2,1,1,0,0,0,4,14,7,0,0,12,0,0,0,0,0,5,0,208,2,1,0,0,1,0,0,1,0,0,4,1,0,0,0,14,0,0,0,2,10,6,0,0,0,135,4,6,1,0,0,7,0,10,5,6,0,0,0,3,0,0,3,0,9,4,7,2,0,0,0,4,6,1,0,1,0,12,5,1,0,0,0,0,0,0,0,0,2,8,16,1,0,1,0,0,0,0,0,2,5,1,0,7,0,0,Illegal Parking,208,ZCTA5 11223,80500.0,56908.0,80319.0,14432.0,44647.0,4289.0,10787.0,0.17968351199591628
11224,362,0,4,0,6,0,0,0,0,0,0,0,2,0,0,16,0,0,0,0,0,0,0,0,0,5,0,0,1,7,0,0,0,0,2,7,0,0,0,0,0,0,11,3,1,0,0,0,3,2,0,1,1,0,3,3,0,0,0,21,0,0,3,0,0,0,0,84,0,0,0,2,0,0,0,0,0,0,1,0,0,0,6,2,0,0,0,0,4,1,0,0,1,88,9,1,2,0,0,3,0,0,7,9,0,0,0,0,0,0,1,0,1,4,0,2,0,0,0,0,1,6,0,0,0,7,0,1,2,1,0,0,0,0,0,0,0,3,8,0,0,0,0,0,0,0,0,0,2,1,0,0,0,0,Noise - Residential,88,ZCTA5 11224,45587.0,35776.0,44597.0,12582.0,25039.0,9402.0,9256.0,0.28212660044397603
11225,770,0,5,1,7,0,0,0,3,0,0,0,0,0,1,15,0,0,0,0,1,0,0,0,0,2,0,0,3,22,1,0,4,1,5,18,0,0,0,0,0,0,18,3,0,13,1,2,6,4,0,0,0,0,9,3,1,0,0,103,0,0,1,0,0,2,0,66,0,1,0,2,0,1,0,0,6,0,0,2,0,0,1,12,0,0,0,0,9,28,0,0,0,105,75,19,9,0,0,0,2,1,21,16,0,0,0,0,0,0,0,0,25,13,1,5,0,0,0,5,2,7,0,0,2,6,1,0,0,0,1,0,0,0,0,0,0,5,37,0,0,2,0,0,0,0,1,0,17,0,0,9,0,0,Noise - Residential,105,ZCTA5 11225,56072.0,65200.0,55932.0,8850.0,16737.0,33538.0,5580.0,0.15822784810126583
11226,1464,0,15,2,15,1,0,0,3,0,0,0,0,0,0,45,1,2,0,0,5,0,0,0,1,9,0,0,1,41,4,0,3,1,13,31,0,3,0,0,0,0,24,3,0,12,1,0,38,1,0,0,0,0,23,14,2,0,0,142,0,0,3,0,0,10,1,151,0,0,0,3,1,0,0,0,8,0,1,0,1,0,6,15,0,0,0,0,19,40,0,1,0,188,95,18,7,0,0,3,2,1,59,59,1,0,0,3,0,0,2,0,31,29,1,13,1,0,0,9,4,10,0,2,0,9,3,0,0,0,1,0,1,0,0,1,1,7,111,1,0,1,0,0,0,0,0,1,62,0,1,10,0,0,Noise - Residential,188,ZCTA5 11226,96332.0,60896.0,95958.0,14643.0,15139.0,64136.0,15360.0,0.15259801163008815
11228,382,0,0,0,13,0,0,0,0,0,1,0,0,0,0,46,0,0,0,0,0,0,0,0,0,1,0,0,4,0,4,0,6,2,12,6,0,0,0,1,0,0,0,0,1,0,0,0,0,1,0,2,0,0,0,8,0,0,0,8,0,0,0,0,0,8,2,166,0,1,0,0,0,0,0,0,2,0,0,0,0,0,4,9,0,0,0,0,6,1,0,0,2,9,3,0,1,0,0,1,0,5,0,3,0,0,0,1,0,0,1,0,7,3,1,0,0,0,0,2,2,1,0,1,0,6,1,1,1,0,0,0,0,0,0,0,0,5,3,0,0,0,0,0,0,0,0,1,0,0,0,6,0,0,Illegal Parking,166,ZCTA5 11228,43878.0,76278.0,43499.0,5063.0,23533.0,603.0,5323.0,0.11639348030989217
11229,744,0,1,0,47,5,0,0,0,0,0,0,0,0,0,47,0,0,0,0,4,0,0,0,0,1,0,0,3,2,17,1,7,6,7,7,0,0,0,0,0,0,4,0,0,6,2,2,2,2,0,1,0,0,2,6,3,0,0,19,0,0,1,0,0,4,2,156,0,4,0,0,0,2,0,0,1,0,0,0,0,1,14,15,0,0,0,0,6,1,0,1,3,127,28,7,16,1,0,6,0,12,7,8,0,0,0,2,0,0,1,0,7,6,6,2,1,0,0,9,15,0,0,0,1,15,7,0,0,0,0,0,0,0,0,0,3,13,12,1,0,0,0,0,0,0,0,2,6,0,1,7,0,0,Illegal Parking,156,ZCTA5 11229,81909.0,66332.0,81609.0,11035.0,52106.0,5260.0,7984.0,0.1352179293950422
11230,744,0,1,0,13,1,0,1,2,0,0,0,0,0,1,55,2,0,0,0,2,0,0,0,0,0,0,0,5,11,16,0,3,3,15,18,0,0,0,0,0,0,5,0,0,4,0,10,8,2,1,1,0,0,8,10,3,0,0,76,0,0,2,0,0,6,0,127,4,3,0,1,0,0,0,0,2,0,0,0,0,1,3,19,1,0,0,0,10,3,1,0,0,72,12,11,2,0,0,5,0,6,12,29,1,0,0,0,0,0,2,0,21,22,2,1,1,0,0,3,3,2,0,1,0,13,4,2,0,0,4,0,1,0,0,0,2,13,23,0,0,1,0,0,0,0,0,0,8,1,0,4,0,0,Illegal Parking,127,ZCTA5 11230,87188.0,57770.0,86764.0,15878.0,60164.0,6282.0,9950.0,0.1830021667972892
11231,616,0,0,1,4,5,0,3,0,0,0,0,0,0,0,9,0,0,0,0,1,0,0,0,0,2,0,0,3,6,7,1,2,3,3,10,0,0,0,1,2,0,1,0,0,0,0,0,3,3,1,0,0,0,2,4,4,0,0,9,0,0,1,0,0,3,1,320,0,0,0,0,0,0,0,0,5,0,0,1,0,0,3,10,5,0,0,0,9,8,4,0,1,39,21,4,1,0,0,7,3,0,5,4,0,0,0,0,0,0,0,0,11,4,2,0,1,0,1,2,7,0,0,0,0,14,4,2,0,0,3,0,0,0,0,0,0,5,7,0,0,0,0,0,0,0,1,1,3,0,0,3,0,0,Illegal Parking,320,ZCTA5 11231,37796.0,108525.0,37741.0,5227.0,25236.0,5572.0,6074.0,0.1384965952147532
11232,351,0,2,5,7,2,1,1,0,0,1,0,0,0,0,25,0,1,0,0,0,0,0,0,0,3,0,0,1,1,5,0,2,0,4,11,0,8,0,0,1,0,4,0,0,0,0,0,1,2,2,2,0,0,4,3,1,0,0,4,0,0,0,0,0,9,1,71,0,3,0,0,0,0,0,0,1,0,1,0,0,0,3,10,2,0,0,0,8,5,0,0,3,22,19,4,2,0,0,4,0,0,1,4,0,1,0,0,0,0,0,0,4,7,0,0,0,0,1,4,2,0,0,0,0,18,3,5,1,0,2,0,0,0,0,0,0,9,9,0,0,0,0,0,0,0,0,3,3,0,0,2,0,0,Illegal Parking,71,ZCTA5 11232,26501.0,74072.0,24284.0,4038.0,11592.0,2001.0,13702.0,0.16628232581123373
11233,856,0,14,2,17,0,0,3,1,0,0,0,0,1,0,42,1,0,0,0,0,0,0,1,0,4,0,0,0,29,3,0,0,3,6,12,0,1,0,1,1,1,9,0,1,1,0,2,17,11,0,1,0,0,18,15,5,0,0,36,0,0,0,0,0,17,0,69,0,2,0,4,1,0,0,0,3,0,0,3,0,1,5,21,0,1,0,0,6,22,0,0,0,144,52,8,4,0,1,3,0,2,20,25,2,0,0,2,0,0,2,0,15,20,3,1,0,0,0,6,3,3,0,1,0,17,5,2,0,0,2,0,0,0,0,0,0,18,59,0,0,0,0,0,0,0,0,0,19,0,0,3,0,0,Noise - Residential,144,ZCTA5 11233,79796.0,48278.0,79139.0,21135.0,10444.0,58859.0,12480.0,0.26706175210705213
11234,761,0,1,1,69,1,0,0,4,0,0,0,0,0,0,65,0,1,0,0,10,0,0,2,1,6,0,0,1,1,12,0,11,9,13,17,0,2,1,0,0,0,4,0,3,2,1,0,0,1,0,1,0,0,3,16,1,0,0,10,0,0,0,1,0,9,0,187,0,3,0,1,0,0,0,0,2,0,0,0,0,0,4,28,0,0,0,0,8,10,33,0,1,45,12,12,3,0,0,4,0,5,2,5,0,0,0,1,0,0,0,0,5,7,7,0,2,0,10,6,9,1,0,0,0,23,12,0,0,3,0,0,0,0,0,0,0,12,8,1,0,2,0,0,0,0,1,0,2,1,0,3,0,0,Illegal Parking,187,ZCTA5 11234,90372.0,84116.0,90165.0,7044.0,35078.0,40921.0,9795.0,0.07812344035934121
11235,880,0,1,0,27,2,1,1,0,0,0,1,0,0,2,57,0,0,0,0,8,2,0,0,0,6,0,0,0,3,2,0,4,0,14,15,0,1,0,0,2,0,7,1,2,5,1,38,3,4,1,3,0,0,5,4,2,0,0,27,0,2,6,0,0,12,0,262,2,0,0,1,1,0,0,1,0,0,0,1,0,0,6,18,0,0,0,0,5,17,0,0,6,69,27,8,3,0,0,4,1,4,7,11,0,0,0,1,0,0,1,0,5,12,4,0,1,0,0,3,14,2,0,2,0,25,12,1,3,3,2,0,0,0,0,0,4,9,27,0,0,1,1,0,0,0,3,0,5,0,0,13,0,0,Illegal Parking,262,ZCTA5 11235,76921.0,56308.0,75947.0,12828.0,56486.0,1687.0,6618.0,0.1689072642764033
11236,579,0,4,0,10,0,0,0,9,0,0,0,0,1,0,76,1,0,0,0,2,0,0,0,0,9,0,0,4,3,6,0,5,1,11,10,0,0,0,14,0,0,4,0,0,0,0,1,3,3,0,1,0,0,5,3,0,0,0,16,0,0,1,0,0,14,0,115,0,0,0,0,0,1,0,0,0,0,0,0,0,0,1,16,0,0,0,0,8,18,0,0,0,50,16,4,6,0,0,2,0,2,2,13,0,0,0,0,0,0,1,0,3,5,1,0,2,0,0,9,16,1,0,2,0,11,4,0,6,1,1,0,0,0,0,0,0,22,11,1,0,0,0,0,0,0,0,0,5,0,1,5,0,0,Illegal Parking,115,ZCTA5 11236,98821.0,74015.0,97928.0,11324.0,5346.0,84752.0,7474.0,0.11563597745282249
11237,851,0,2,0,7,1,0,0,2,0,0,0,0,0,0,49,0,1,0,0,1,0,0,0,0,1,0,1,4,18,1,0,3,4,9,22,0,0,0,5,0,0,12,1,1,0,1,1,10,5,0,2,0,0,5,6,26,0,0,25,0,0,2,0,0,8,0,52,0,0,0,2,0,1,0,0,1,0,0,2,0,0,2,5,7,0,0,0,13,54,0,0,10,109,107,32,36,0,0,3,2,1,11,17,3,0,0,1,0,0,0,0,12,18,1,8,0,0,0,6,1,1,0,1,0,18,3,2,0,1,0,0,0,0,0,0,1,4,30,0,0,0,0,0,0,0,10,0,10,0,0,17,0,0,Noise - Residential,109,ZCTA5 11237,46772.0,57375.0,46541.0,13167.0,16614.0,5807.0,28086.0,0.28291184117229967
11238,898,0,4,5,2,2,0,2,0,0,1,0,0,0,0,25,0,1,0,0,2,0,0,1,1,1,0,0,6,20,13,0,1,1,6,28,0,0,0,0,1,0,3,0,0,5,0,13,3,5,1,15,0,0,5,6,4,0,0,28,0,2,8,0,0,6,0,288,1,2,0,0,0,0,0,0,6,0,0,0,0,0,2,10,1,0,0,1,18,22,37,0,2,60,53,9,5,0,0,3,1,0,20,15,0,0,0,2,0,0,1,0,28,12,1,2,0,0,0,1,1,0,0,1,0,20,2,0,2,0,1,0,0,0,0,0,0,10,10,0,0,3,0,0,0,0,2,0,9,1,0,6,0,0,Illegal Parking,288,ZCTA5 11238,55102.0,100568.0,54574.0,5723.0,29580.0,16299.0,5693.0,0.10486678638179353
11239,622,0,0,0,123,0,0,1,1,0,0,0,0,0,0,65,0,0,0,0,0,0,0,0,0,1,0,0,0,2,0,0,3,1,7,2,0,0,0,0,0,0,1,0,0,1,0,0,0,0,1,0,0,0,1,1,0,0,0,9,0,0,0,0,0,0,0,295,2,0,0,0,0,0,0,0,0,0,0,0,0,0,0,1,0,0,0,0,5,0,0,0,0,51,2,3,0,0,0,1,0,0,5,7,0,0,0,0,0,0,0,0,2,0,1,0,0,0,0,0,2,1,0,0,0,9,2,1,0,0,0,0,0,0,0,0,0,2,7,0,0,0,0,0,0,0,0,0,0,0,0,3,0,0,Illegal Parking,295,ZCTA5 11239,12832.0,29571.0,12765.0,3774.0,3251.0,7632.0,2387.0,0.2956521739130435
11249,410,0,0,0,3,5,0,5,0,0,0,0,0,0,0,13,1,0,0,0,0,0,0,3,0,2,0,0,1,2,0,1,1,2,0,9,0,1,0,0,1,0,3,0,0,0,0,2,0,0,0,4,0,0,2,10,16,0,0,8,0,0,2,0,0,0,0,29,0,0,0,1,0,0,0,0,2,0,2,0,0,0,2,1,4,0,0,0,15,30,0,0,6,105,28,13,3,0,0,1,2,0,0,1,0,0,0,0,0,0,2,0,2,9,0,0,0,0,0,2,8,0,0,1,0,17,2,1,3,1,1,0,0,0,0,0,0,2,4,0,0,0,0,0,1,1,7,0,3,0,0,1,0,0,Noise - Residential,105,,,,,,,,,
11354,642,0,0,1,5,1,0,1,4,0,0,0,0,0,0,34,0,3,0,0,6,1,0,1,0,10,0,0,1,1,1,1,6,2,2,13,0,3,0,5,0,1,0,0,1,2,0,5,2,5,7,2,0,0,2,7,7,0,0,12,0,2,0,0,0,111,0,115,0,0,0,1,0,0,0,0,1,1,0,0,0,0,0,14,1,0,0,0,3,8,0,0,2,39,15,1,3,0,0,5,2,1,4,0,4,0,0,0,0,0,0,0,0,1,1,0,1,0,2,11,3,7,0,4,0,37,2,21,2,0,0,0,0,0,0,0,0,11,5,1,0,0,0,0,0,1,20,0,4,0,0,19,0,1,Illegal Parking,115,ZCTA5 11354,52351.0,45838.0,50582.0,9578.0,9821.0,1636.0,7482.0,0.18935589735479025
11355,654,0,0,0,6,1,0,0,2,0,0,0,0,0,0,144,0,0,0,0,9,1,0,0,0,4,0,0,1,6,3,0,2,1,5,7,0,0,0,8,0,2,1,1,0,2,2,4,3,6,1,0,0,0,3,13,1,0,0,20,0,1,2,0,0,23,0,98,0,2,0,2,0,2,0,0,2,0,0,0,0,0,1,8,0,0,0,0,9,3,0,0,2,31,14,8,3,0,0,5,0,0,14,12,0,0,0,1,0,0,0,0,2,1,2,3,0,0,0,3,3,0,0,1,2,51,7,13,2,1,0,0,0,0,0,0,0,6,19,0,0,0,0,0,0,0,8,1,4,0,0,23,0,0,Blocked Driveway,144,ZCTA5 11355,81358.0,45527.0,80797.0,17544.0,10056.0,2214.0,12736.0,0.21713677488025546
11356,307,0,0,0,30,1,0,0,1,0,0,0,0,0,0,23,0,0,0,0,4,0,0,0,0,2,0,0,1,1,2,0,0,2,14,5,0,0,1,0,1,0,1,0,1,0,0,0,0,1,0,0,0,0,1,3,0,0,0,2,0,0,0,0,0,10,0,85,0,0,0,0,0,0,0,0,1,0,0,0,0,0,1,1,0,0,0,0,1,2,0,0,2,46,12,2,0,0,0,0,0,1,1,4,0,0,0,1,0,0,0,0,2,2,2,1,1,0,0,3,5,0,0,0,0,5,7,1,0,1,0,0,0,0,0,0,0,1,6,0,0,0,0,0,0,0,2,0,0,0,0,1,0,0,Illegal Parking,85,ZCTA5 11356,24178.0,64324.0,24041.0,2231.0,7276.0,459.0,10469.0,0.09279980034108398
11357,335,0,0,0,18,1,0,1,2,0,0,0,0,0,0,33,0,1,0,0,3,0,0,0,0,1,0,0,1,0,8,0,1,10,9,2,0,0,0,0,0,0,1,0,1,0,0,0,0,0,0,0,0,0,0,12,0,0,0,2,0,0,0,0,0,1,0,74,2,1,0,0,0,0,0,0,1,0,0,1,0,0,3,26,0,0,0,1,7,10,0,0,4,13,4,5,1,0,0,2,0,1,0,1,0,0,0,0,0,0,0,0,2,1,2,0,0,0,0,2,5,1,0,0,0,26,13,0,1,1,0,0,0,0,0,0,0,4,1,0,0,1,0,0,0,0,0,0,0,3,0,7,0,0,Illegal Parking,74,ZCTA5 11357,40118.0,82858.0,39747.0,2343.0,26062.0,273.0,6955.0,0.05894784512038644
11358,368,0,0,0,18,0,0,0,2,0,0,0,0,0,0,28,0,0,0,0,8,0,0,1,0,2,0,0,0,0,2,2,1,9,11,8,0,2,0,0,1,0,1,0,0,1,0,0,0,0,0,1,0,0,0,3,0,0,0,15,0,0,3,7,0,3,0,91,0,0,0,0,1,0,0,0,3,0,0,0,0,0,1,10,0,0,0,0,5,1,0,0,0,20,8,0,3,0,0,6,0,9,0,0,0,0,0,0,0,0,1,0,2,1,6,1,0,0,0,4,8,0,0,0,0,36,3,1,2,0,0,0,0,0,0,0,2,7,2,0,0,0,0,0,0,1,0,0,1,0,1,2,0,0,Illegal Parking,91,ZCTA5 11358,36665.0,70777.0,36631.0,3386.0,14150.0,469.0,6574.0,0.09243536894979662
11359,5,0,0,0,0,0,0,1,0,0,0,0,0,0,0,0,0,0,0,0,0,0,0,0,0,0,0,0,0,0,0,0,0,1,0,0,0,0,0,0,0,0,0,0,0,0,0,0,0,0,0,0,0,0,0,0,0,0,0,0,0,0,0,0,0,0,0,1,0,0,0,0,0,0,0,0,0,0,0,0,0,0,1,0,0,0,0,0,0,0,0,0,1,0,0,0,0,0,0,0,0,0,0,0,0,0,0,0,0,0,0,0,0,0,0,0,0,0,0,0,0,0,0,0,0,0,0,0,0,0,0,0,0,0,0,0,0,0,0,0,0,0,0,0,0,0,0,0,0,0,0,0,0,0,Animal in a Park,1,ZCTA5 11359,0.0,-666666666.0,0.0,0.0,0.0,0.0,0.0,
11360,111,0,0,0,4,0,0,0,0,0,0,0,0,0,0,1,0,0,0,0,1,0,0,0,0,0,0,0,1,0,1,0,0,3,0,2,0,0,0,0,0,0,0,0,0,0,0,0,0,0,0,1,0,0,0,2,0,0,0,0,0,0,1,0,0,2,0,37,0,0,0,0,0,0,0,0,0,0,0,0,0,0,1,9,0,0,0,0,4,0,0,0,0,6,0,3,0,0,0,1,0,1,0,0,2,0,0,0,0,0,0,0,1,2,1,0,0,0,0,4,3,0,0,0,0,6,3,0,0,0,0,0,0,0,0,0,1,0,0,1,0,0,0,0,0,0,0,0,0,0,0,6,0,0,Illegal Parking,37,ZCTA5 11360,18892.0,84356.0,18825.0,1015.0,11434.0,235.0,2068.0,0.053917662682602924
11361,252,0,0,0,9,0,1,1,1,1,0,0,0,0,0,23,0,0,0,0,5,1,0,0,0,0,0,0,2,0,5,0,2,2,0,6,0,1,0,0,2,0,0,0,0,0,0,2,0,2,1,0,0,0,0,7,0,0,0,0,0,0,0,0,0,3,0,49,3,2,0,1,0,1,0,1,1,0,0,0,0,1,1,12,0,0,0,0,3,15,0,0,0,10,14,2,1,0,0,0,0,5,0,0,2,0,0,0,0,0,0,0,3,3,4,0,0,0,0,4,7,1,0,0,0,13,1,0,1,1,0,0,0,0,0,0,1,1,0,2,0,0,0,0,0,0,2,0,0,1,0,6,0,0,Illegal Parking,49,ZCTA5 11361,28531.0,86545.0,28160.0,2397.0,13018.0,1358.0,3442.0,0.08512073863636363
11362,132,0,0,0,9,0,0,0,0,1,0,0,0,0,0,2,0,1,0,0,1,0,0,0,0,0,0,0,1,0,4,0,3,2,3,0,0,0,0,0,0,0,0,0,0,0,0,0,0,1,0,0,0,0,0,2,0,0,0,0,0,0,0,0,0,3,0,42,0,2,0,1,0,0,0,0,0,0,0,1,0,0,3,1,0,0,0,0,3,0,0,0,0,2,3,0,1,0,0,0,0,3,0,0,0,0,0,0,0,0,0,0,0,0,1,0,0,0,0,1,3,1,0,0,0,7,5,0,2,1,0,0,0,0,0,0,0,9,0,0,0,0,0,0,1,0,0,0,0,0,0,6,0,0,Illegal Parking,42,ZCTA5 11362,18694.0,92212.0,18531.0,1151.0,8426.0,491.0,1903.0,0.06211213642005289
11363,54,0,0,0,0,0,0,0,0,0,0,0,0,0,0,2,0,1,0,0,0,0,0,0,0,0,0,0,0,0,0,0,0,1,0,0,0,0,0,0,0,0,0,0,0,0,0,0,0,0,0,0,0,0,0,1,0,0,0,1,0,0,0,0,0,2,0,9,0,1,0,0,0,0,0,0,0,0,0,0,0,0,0,5,0,0,0,0,1,1,0,0,0,0,1,0,0,0,0,0,0,2,0,0,0,0,0,1,0,0,0,0,0,0,1,0,0,0,0,4,1,0,0,0,0,13,2,0,0,0,0,0,0,0,0,0,0,0,1,0,0,0,0,0,0,0,0,0,0,1,0,2,0,0,Street Condition,13,ZCTA5 11363,6834.0,111094.0,6814.0,547.0,3739.0,132.0,860.0,0.08027590255356619
11364,214,0,0,0,9,0,0,1,0,0,0,0,0,0,0,5,1,0,0,0,2,0,0,0,0,1,0,0,0,1,12,0,6,3,2,1,0,0,0,0,0,0,0,0,0,0,0,0,0,0,0,0,0,0,0,2,0,0,0,2,0,0,0,0,0,0,0,89,0,2,0,3,0,0,0,0,0,0,0,0,0,0,6,6,0,0,0,0,2,0,0,0,1,8,1,1,0,0,0,1,0,2,0,0,0,0,0,0,0,0,0,0,3,1,2,0,0,0,2,4,5,0,0,1,0,13,6,2,2,0,0,0,0,0,0,0,1,0,0,0,0,0,0,0,0,0,0,1,1,0,0,0,0,0,Illegal Parking,89,ZCTA5 11364,35866.0,87135.0,35726.0,2215.0,13675.0,1379.0,5689.0,0.06199966411017186
11365,354,0,0,0,20,2,0,1,5,0,0,0,0,0,0,8,0,0,0,0,3,0,0,0,1,0,0,0,0,0,9,1,4,8,4,3,0,0,0,11,0,0,1,0,0,0,0,0,1,0,0,0,0,0,2,0,0,0,0,5,0,0,0,0,0,6,1,99,0,5,0,6,0,0,0,0,1,0,0,0,0,0,14,16,0,0,0,0,6,1,0,1,1,30,5,1,0,0,0,1,0,2,0,2,0,0,0,0,0,0,0,0,2,2,3,1,0,0,0,5,5,0,0,1,0,18,3,0,1,0,0,0,0,0,0,0,9,5,2,1,0,0,0,0,0,0,2,1,0,1,0,5,0,0,Illegal Parking,99,ZCTA5 11365,43730.0,70102.0,43666.0,4797.0,13423.0,3914.0,8721.0,0.10985663903265698
11366,479,0,0,0,7,4,0,0,0,0,0,0,0,0,0,14,0,0,0,0,3,0,0,1,0,0,0,0,0,0,4,0,1,0,3,1,0,0,0,101,0,0,0,0,1,1,0,0,0,0,0,0,0,0,0,5,2,0,0,1,0,0,0,0,0,2,0,72,1,0,0,0,0,0,0,0,0,0,0,0,0,0,4,33,0,0,0,0,16,0,10,16,0,29,4,0,0,0,0,0,0,4,0,1,0,0,0,0,0,0,0,0,0,3,2,0,1,0,0,4,2,0,0,1,0,11,2,1,0,1,0,0,0,0,0,0,105,2,0,1,0,0,0,1,0,0,0,0,0,0,0,1,0,0,Traffic,105,ZCTA5 11366,14109.0,91795.0,13973.0,1597.0,5288.0,823.0,1574.0,0.11429184856508981
11367,252,0,0,0,8,0,0,0,0,0,0,0,0,0,0,10,0,0,0,0,0,1,0,0,0,1,0,0,0,2,4,0,0,1,4,4,0,0,0,2,0,0,4,0,0,0,0,0,3,1,0,0,0,0,8,0,0,0,0,14,0,1,1,0,0,6,0,44,7,0,0,2,0,0,0,0,1,0,0,0,0,0,1,13,0,0,0,0,3,0,0,0,0,20,4,2,2,0,0,0,0,3,3,8,0,0,0,1,0,0,0,0,1,5,1,2,0,0,0,3,3,0,1,0,0,9,5,3,1,0,0,0,0,0,0,0,0,1,10,0,0,0,0,0,0,0,0,0,6,0,0,12,0,0,Illegal Parking,44,ZCTA5 11367,40141.0,64332.0,39120.0,5577.0,21256.0,2877.0,7271.0,0.14256134969325154
11368,1227,0,3,1,15,0,1,0,3,0,0,0,0,0,0,198,0,0,0,0,4,0,0,0,0,0,0,0,1,6,4,0,2,4,11,15,0,3,0,26,0,0,5,0,0,8,0,2,5,1,1,0,0,0,4,1,2,1,0,34,0,0,4,0,0,8,0,164,0,1,0,1,0,0,0,0,2,0,0,0,0,0,5,14,4,0,0,1,6,21,0,1,27,105,339,29,4,0,0,4,0,0,7,5,1,0,0,0,0,0,1,0,7,3,1,7,0,0,0,4,1,0,0,0,1,10,7,0,2,0,1,0,1,0,0,0,2,2,17,0,0,1,3,0,0,0,16,1,6,1,0,18,0,0,Noise - Street/Sidewalk,339,ZCTA5 11368,108661.0,56904.0,107116.0,19566.0,34083.0,10529.0,81431.0,0.18266178722133014
11369,431,0,1,0,6,0,0,0,1,0,0,0,0,0,1,77,0,0,0,0,3,0,0,0,0,0,0,0,0,0,2,0,0,0,6,2,0,0,0,1,0,0,2,1,0,0,0,3,1,0,0,3,0,0,0,1,0,0,0,1,0,0,0,0,0,5,0,87,0,0,0,1,0,0,0,0,0,0,0,1,7,0,3,43,0,0,0,0,3,2,0,0,0,40,20,3,0,0,0,1,0,4,1,0,2,0,0,1,0,0,0,0,1,6,3,0,0,0,0,6,4,0,0,0,0,6,2,0,0,0,0,0,47,0,6,0,0,3,4,0,0,0,0,0,0,0,1,0,1,0,0,5,0,0,Illegal Parking,87,ZCTA5 11369,30693.0,61860.0,29882.0,4193.0,7943.0,5126.0,18187.0,0.1403185864399973
11370,219,0,0,0,5,1,0,0,1,0,0,0,0,0,0,33,0,0,0,0,2,1,0,0,0,2,0,0,0,0,5,0,2,1,3,3,0,1,0,0,0,0,0,0,1,1,1,0,0,1,0,2,0,0,0,4,1,0,0,3,0,0,0,0,0,3,0,67,0,3,0,0,0,0,0,0,0,0,0,0,0,0,1,5,0,0,0,1,5,0,0,0,5,11,2,0,1,0,0,1,0,3,0,0,0,0,0,1,0,0,0,0,5,4,0,0,0,0,0,1,4,0,0,1,0,8,2,1,0,0,0,0,0,0,0,0,0,4,1,0,0,0,0,0,0,1,1,1,1,0,0,1,0,0,Illegal Parking,67,ZCTA5 11370,29366.0,67582.0,22629.0,1724.0,12548.0,4374.0,10689.0,0.07618542578107738
11371,1,0,0,0,0,0,0,0,0,0,0,0,0,0,0,0,0,0,0,0,0,0,0,0,0,0,0,0,0,0,0,0,0,0,0,0,0,0,0,0,0,0,0,0,0,0,0,0,0,0,0,0,0,0,0,0,0,0,0,0,0,0,0,0,0,0,0,0,0,0,0,0,0,0,0,0,0,0,0,0,0,0,0,0,0,0,0,0,0,0,0,0,0,0,0,0,0,0,0,0,0,0,0,0,0,0,0,0,0,0,0,0,0,0,0,0,0,0,0,0,0,0,0,0,0,0,0,0,0,0,0,0,1,0,0,0,0,0,0,0,0,0,0,0,0,0,0,0,0,0,0,0,0,0,Taxi Complaint,1,ZCTA5 11371,0.0,-666666666.0,0.0,0.0,0.0,0.0,0.0,
11372,686,0,3,0,5,2,0,0,0,0,0,0,0,0,0,41,2,3,0,0,7,0,0,0,1,9,0,0,2,9,2,0,0,1,0,5,0,0,0,5,0,0,3,0,1,1,0,6,4,4,1,4,0,0,5,3,2,0,0,44,0,0,1,0,0,6,0,116,0,2,0,0,0,0,0,0,0,0,0,2,0,0,2,11,2,0,0,0,28,21,0,0,7,81,34,63,4,0,0,5,1,0,10,8,1,0,0,1,0,0,0,0,1,1,0,4,0,0,0,2,4,0,0,1,0,19,4,2,0,0,0,0,0,0,0,0,0,11,19,0,0,0,0,0,0,0,24,1,7,1,0,4,0,0,Illegal Parking,116,ZCTA5 11372,63107.0,61239.0,62526.0,8731.0,31320.0,1678.0,34248.0,0.13963791062917827
11373,749,0,3,0,3,1,0,0,2,1,0,0,0,0,0,89,2,1,0,0,7,0,0,0,0,3,0,0,1,1,3,0,1,3,3,14,0,5,0,2,0,0,2,0,0,6,1,27,2,5,1,7,0,0,3,2,56,0,0,23,1,0,6,0,0,5,0,105,0,0,0,1,1,0,0,1,5,0,0,0,0,0,0,7,1,0,0,0,6,18,0,1,1,93,33,20,2,0,0,4,0,4,14,10,0,0,0,1,0,0,2,0,5,3,5,2,1,0,0,10,13,2,0,0,0,22,4,0,0,1,0,0,1,0,0,0,0,3,29,0,0,0,0,0,0,0,3,1,9,0,0,13,0,0,Illegal Parking,105,ZCTA5 11373,96495.0,56835.0,95723.0,10766.0,15131.0,1702.0,40303.0,0.11247035717643618
11374,491,0,0,0,17,0,0,0,3,0,1,0,0,0,0,27,1,4,0,0,0,0,0,0,2,4,0,0,3,6,0,0,1,2,2,1,0,0,0,0,0,0,1,0,0,1,1,2,1,2,0,0,0,0,1,2,1,0,0,76,0,0,0,0,0,2,0,89,0,0,0,0,0,0,0,0,2,0,0,0,0,0,4,6,1,0,0,1,8,4,0,0,0,81,1,1,57,0,0,1,0,2,9,5,2,0,0,0,0,0,0,0,7,8,0,4,0,0,0,2,1,0,0,0,1,7,3,1,1,0,0,0,0,0,0,0,0,3,9,0,0,0,2,0,0,0,0,0,3,0,0,1,0,0,Illegal Parking,89,ZCTA5 11374,43173.0,75266.0,43082.0,4920.0,21237.0,1882.0,7897.0,0.11420082633118239
11375,548,0,0,0,4,3,0,0,0,0,0,0,0,0,1,14,0,2,0,0,0,1,0,0,0,2,0,0,1,0,10,1,3,14,9,14,0,0,0,4,1,0,4,0,1,2,0,3,0,1,1,3,0,0,3,3,6,0,0,28,0,0,5,0,1,1,3,59,0,3,0,0,1,0,0,0,2,0,0,0,0,0,6,14,1,0,0,0,10,9,0,0,0,68,6,12,66,0,2,0,0,5,7,3,1,0,0,1,1,0,0,0,1,2,3,0,1,0,0,7,16,1,0,0,3,38,6,1,4,2,0,0,0,0,0,0,0,9,6,1,0,0,1,0,0,0,1,0,6,0,0,12,0,1,Noise - Residential,68,ZCTA5 11375,72615.0,88117.0,72135.0,5497.0,42121.0,2363.0,11066.0,0.07620433908643516
11377,762,0,2,1,27,1,0,0,3,0,0,0,0,2,0,87,0,0,0,0,5,0,0,0,0,3,0,0,3,3,6,1,1,3,15,15,0,18,0,0,0,0,2,0,0,3,0,17,2,0,0,5,0,0,1,7,6,0,0,20,0,0,3,0,0,13,0,151,0,0,0,2,0,0,1,0,3,0,0,2,1,0,9,10,1,0,0,0,5,7,0,1,1,105,40,12,10,0,0,0,0,8,9,12,1,0,0,0,0,0,1,0,10,5,1,2,0,0,0,1,8,1,0,0,0,16,3,0,2,0,0,0,0,0,0,1,0,18,12,1,0,0,1,0,0,2,1,1,3,1,0,5,0,0,Illegal Parking,151,ZCTA5 11377,82021.0,59910.0,81669.0,7968.0,35187.0,2457.0,32026.0,0.09756455937993608
11378,630,0,0,1,62,0,0,0,2,0,0,0,0,0,0,64,3,0,0,0,3,0,1,0,0,1,0,0,1,0,4,1,1,6,26,6,0,1,0,0,0,0,0,0,0,1,0,0,0,8,0,0,0,0,0,3,1,0,0,0,0,0,0,0,0,3,0,264,0,1,0,0,0,0,0,0,0,0,0,0,1,0,3,7,0,0,0,1,0,10,0,0,1,38,15,4,4,0,0,4,0,2,2,1,0,2,0,2,0,0,0,0,8,5,4,0,0,0,0,8,7,0,0,0,0,22,2,0,1,1,0,0,1,0,0,0,0,3,0,0,0,2,0,0,0,0,0,0,0,1,0,4,0,0,Illegal Parking,264,ZCTA5 11378,39033.0,82326.0,38765.0,3542.0,25460.0,597.0,13158.0,0.09137108216174385
11379,438,0,0,0,64,0,0,0,0,0,0,0,0,0,0,22,0,0,0,0,3,0,1,0,0,1,0,0,1,0,10,1,0,2,13,6,0,0,0,0,0,0,1,0,0,0,0,0,0,0,1,1,0,0,1,4,0,0,0,4,0,0,0,0,0,6,0,139,0,2,0,1,1,0,0,0,1,0,0,1,0,0,3,19,0,0,0,0,2,3,0,0,0,17,6,1,1,0,0,7,0,8,0,1,0,0,0,0,0,0,1,0,1,3,6,3,0,0,0,2,5,0,0,0,0,18,17,1,0,0,0,0,0,0,0,0,2,8,3,0,0,0,0,0,1,2,0,2,0,0,1,7,0,0,Illegal Parking,139,ZCTA5 11379,37780.0,89700.0,37378.0,2324.0,28321.0,377.0,7983.0,0.06217561132216812
11385,1471,0,6,2,36,2,0,3,6,1,2,0,0,0,1,120,1,1,0,0,21,0,0,0,3,4,0,0,7,10,16,0,6,5,24,42,0,1,0,1,1,0,7,0,0,0,2,5,12,2,0,4,0,0,5,16,3,0,1,26,1,2,3,0,0,18,0,442,8,3,0,1,0,0,0,0,8,0,0,1,0,0,14,13,2,0,0,0,25,53,1,0,1,135,48,29,7,0,0,2,2,9,20,18,2,0,0,4,0,0,9,0,11,25,5,3,2,0,0,7,20,1,0,3,1,23,7,2,3,0,3,0,0,0,0,0,2,10,29,1,0,2,3,0,0,1,3,2,4,1,0,11,0,0,Illegal Parking,442,ZCTA5 11385,105025.0,77044.0,104820.0,10908.0,78232.0,2853.0,49040.0,0.10406410990269033
11411,181,0,0,0,8,0,0,0,0,0,0,0,0,0,0,5,0,0,0,0,2,0,0,0,0,0,0,0,1,2,2,0,1,3,6,3,0,0,0,0,1,0,0,0,0,0,0,3,0,0,0,0,0,0,0,0,0,0,0,1,0,0,2,0,0,7,0,42,1,0,0,0,0,0,0,0,0,0,0,1,0,0,1,22,0,0,0,0,2,0,0,0,0,28,5,0,0,0,0,2,0,1,0,1,0,0,0,0,0,0,0,0,3,2,2,0,0,0,0,1,2,0,0,0,0,6,3,0,0,0,0,0,0,0,0,0,1,1,1,0,0,0,0,0,0,0,0,0,0,0,0,6,0,0,Illegal Parking,42,ZCTA5 11411,20473.0,104269.0,20445.0,768.0,930.0,18631.0,1328.0,0.03756419662509171
11412,264,0,0,0,13,0,0,0,1,0,0,0,0,0,0,15,0,0,0,0,6,0,0,1,0,1,0,0,1,1,6,0,5,3,10,8,0,0,0,0,1,0,2,0,0,0,0,0,0,0,0,0,0,0,0,5,0,0,0,3,0,0,0,0,0,11,0,38,0,0,0,0,0,0,0,0,0,0,0,2,0,0,3,10,0,0,0,1,5,0,0,0,0,22,6,2,1,0,0,7,1,7,0,3,0,0,0,0,0,0,0,0,1,0,2,0,2,0,0,5,2,0,0,0,0,9,3,0,1,0,0,0,0,0,0,0,0,0,2,0,0,0,0,0,0,0,1,0,0,1,0,34,0,0,Illegal Parking,38,ZCTA5 11412,37987.0,85235.0,37764.0,3143.0,945.0,32799.0,2437.0,0.08322741235038661
11413,358,0,0,0,24,0,0,2,0,0,0,0,0,0,1,15,0,1,0,0,2,0,0,0,0,1,0,0,0,5,6,0,4,5,8,6,0,0,0,0,0,1,5,0,0,0,0,1,2,0,1,0,0,0,1,4,0,0,0,13,0,0,1,0,0,15,0,40,1,0,0,1,0,0,0,1,0,0,0,1,0,3,9,28,0,0,0,1,3,1,0,0,0,32,8,6,1,0,0,1,0,4,2,3,0,0,0,0,0,0,0,0,3,1,3,2,0,0,0,1,1,0,0,0,0,32,7,1,0,0,0,0,0,0,0,0,1,19,9,0,0,0,0,0,0,0,0,0,1,0,0,7,0,0,Illegal Parking,40,ZCTA5 11413,41810.0,91836.0,41375.0,2702.0,940.0,37697.0,2582.0,0.06530513595166162
11414,377,0,1,0,30,0,0,0,0,0,0,0,0,0,0,8,1,0,0,0,2,0,0,0,1,1,0,0,1,1,6,0,0,2,10,4,0,0,0,0,0,0,1,0,0,0,0,0,0,3,0,1,0,0,1,4,1,0,0,7,1,0,0,1,0,5,0,78,3,0,0,0,0,0,0,0,0,0,0,0,0,0,0,11,0,0,0,0,2,2,129,0,0,11,0,1,2,0,0,0,0,1,1,2,0,0,0,0,0,0,0,0,1,1,2,0,0,0,0,2,3,5,0,0,0,2,11,0,0,1,0,0,1,0,0,0,1,3,5,0,0,0,0,0,0,0,0,0,0,1,0,2,0,0,Noise - Helicopter,129,ZCTA5 11414,27672.0,75599.0,27512.0,2803.0,21506.0,1162.0,5953.0,0.10188281477173597
11415,192,0,4,0,1,0,0,3,0,1,0,0,0,0,1,12,0,1,0,0,2,0,0,2,0,3,0,0,0,8,2,0,2,1,1,2,0,0,0,0,1,0,0,0,0,1,0,0,0,0,1,1,0,0,1,2,0,0,0,20,0,0,1,0,0,0,1,21,0,1,0,0,0,0,0,0,1,0,0,0,0,0,1,4,0,0,0,0,2,0,0,0,1,33,3,4,0,0,0,2,0,0,8,2,0,0,0,0,0,0,0,0,1,1,0,4,0,0,0,4,0,1,0,0,0,4,1,0,0,0,0,0,0,0,0,0,0,2,12,0,0,0,0,0,0,0,0,0,2,1,0,1,0,0,Noise - Residential,33,ZCTA5 11415,18464.0,75476.0,18319.0,1791.0,11214.0,959.0,4463.0,0.09776734537911458
11416,256,0,0,0,6,0,0,0,0,0,0,0,0,0,1,37,0,0,0,0,4,0,0,0,0,1,0,0,1,2,0,0,2,0,9,5,0,1,0,0,1,0,2,0,0,0,0,1,1,0,0,0,0,0,0,2,2,0,0,3,0,0,0,0,0,4,1,82,6,0,0,2,0,0,0,1,0,0,0,0,0,0,2,1,0,0,0,0,2,3,0,0,0,24,2,5,0,0,0,0,0,0,2,1,0,0,0,0,0,0,2,0,0,4,2,0,0,0,0,2,2,1,0,0,0,9,2,0,1,0,0,0,0,0,0,0,0,2,3,0,0,0,0,0,0,0,2,0,0,1,0,4,0,0,Illegal Parking,82,ZCTA5 11416,26087.0,73471.0,26011.0,3835.0,7070.0,1413.0,12016.0,0.14743762254430817
11417,335,0,0,0,17,3,0,0,1,0,0,0,0,0,0,28,1,0,0,0,6,0,0,0,0,4,0,0,0,0,1,0,1,1,6,8,0,0,0,0,0,0,3,0,0,0,0,0,0,3,0,0,0,0,0,4,1,0,0,5,0,0,0,0,0,10,0,76,3,0,0,0,0,1,0,0,1,0,0,1,0,0,3,8,0,0,0,0,4,5,22,0,7,25,3,8,3,0,0,9,0,1,3,1,0,0,0,0,0,0,0,0,2,1,2,0,0,0,0,3,2,1,0,0,0,10,4,2,1,0,0,0,0,0,0,0,0,5,0,1,0,0,0,0,0,0,1,1,0,5,1,6,0,0,Illegal Parking,76,ZCTA5 11417,31156.0,79210.0,31090.0,4325.0,9768.0,2575.0,11574.0,0.13911225474429076
11418,370,0,1,0,13,1,0,1,0,0,0,0,0,0,0,54,0,3,0,0,3,0,0,0,0,3,0,0,5,1,3,0,1,2,7,8,0,2,0,0,0,0,0,0,0,0,0,0,0,1,0,0,0,0,1,10,1,0,0,6,0,1,3,0,0,7,0,79,1,0,0,0,0,0,0,0,0,0,0,1,0,0,0,8,0,0,0,0,1,11,0,0,0,46,5,7,0,0,1,2,0,2,0,1,0,0,0,1,0,0,0,0,0,1,2,4,0,0,1,4,3,0,0,0,0,23,2,0,1,1,0,0,2,0,0,0,0,9,7,1,0,1,0,0,0,0,0,1,2,0,0,1,0,0,Illegal Parking,79,ZCTA5 11418,37666.0,73856.0,37218.0,4505.0,14804.0,3041.0,16348.0,0.12104358106292654
11419,652,0,0,1,26,2,0,0,1,0,0,0,0,0,0,120,0,4,0,0,71,0,0,0,0,2,0,0,1,1,1,0,1,0,11,12,0,0,0,0,0,0,2,0,0,0,0,0,0,3,1,1,0,0,0,7,0,0,0,4,0,2,0,0,0,11,3,121,2,2,0,2,0,0,0,0,1,0,0,1,0,0,0,12,1,0,0,0,4,11,0,0,0,58,27,35,2,0,0,3,0,0,0,2,0,0,0,0,1,0,0,0,4,7,3,0,0,0,0,14,6,0,0,1,0,7,7,0,0,0,0,0,0,0,0,0,0,6,1,0,0,1,0,0,0,0,2,0,1,3,3,13,0,0,Illegal Parking,121,ZCTA5 11419,47955.0,79589.0,47763.0,5329.0,4066.0,6522.0,8857.0,0.11157171869438687
11420,678,0,1,0,61,0,0,0,8,1,0,0,0,0,2,117,0,0,0,0,16,0,0,0,0,11,0,0,4,5,4,0,4,2,17,5,0,0,0,1,0,0,2,0,2,0,0,2,5,0,0,1,0,0,2,9,0,0,0,6,0,3,2,0,0,8,0,123,0,0,0,0,0,1,0,0,1,0,0,0,0,0,0,15,0,1,0,0,4,11,0,1,0,83,19,16,1,0,0,13,0,1,7,4,0,0,0,3,0,0,0,0,1,0,4,1,0,0,0,14,4,0,0,1,0,22,0,1,1,1,0,0,0,0,0,0,1,2,7,1,0,1,0,0,0,0,0,0,4,2,0,5,0,0,Illegal Parking,123,ZCTA5 11420,47266.0,85190.0,47006.0,4833.0,6846.0,11976.0,11485.0,0.10281666170276135
11421,630,0,0,0,29,0,0,0,0,0,0,0,0,0,0,70,0,0,0,0,7,0,0,1,0,5,0,0,0,1,11,0,0,4,9,5,0,1,0,0,0,0,1,0,3,0,0,0,0,0,0,1,0,0,0,4,1,0,0,4,0,0,2,0,0,6,0,281,0,1,0,4,0,0,0,0,0,0,0,0,0,1,1,3,0,0,0,1,2,2,0,0,0,75,20,6,2,0,0,1,0,5,1,1,0,0,0,0,0,0,0,0,3,1,3,1,0,0,0,4,5,0,0,0,0,6,5,0,0,0,0,0,0,0,0,0,1,14,1,0,0,0,1,0,0,1,7,0,2,2,0,1,0,0,Illegal Parking,281,ZCTA5 11421,39654.0,77738.0,39518.0,3539.0,14031.0,2270.0,23166.0,0.08955412723315957
11422,293,0,0,0,24,0,0,0,0,0,0,0,0,0,0,13,0,0,0,0,4,0,0,0,0,0,0,0,0,1,3,0,1,1,9,6,0,0,0,0,1,0,1,0,0,0,0,1,1,0,0,0,0,0,0,4,0,0,0,5,0,0,0,0,0,16,0,51,0,2,0,0,0,1,0,1,0,0,0,0,0,0,1,18,1,0,0,4,5,7,0,0,0,24,3,1,4,0,0,3,0,3,0,1,0,0,0,0,0,0,0,0,0,0,5,0,1,0,0,4,3,0,0,0,0,26,10,0,1,0,0,0,0,0,0,0,2,5,7,0,0,0,0,0,0,0,2,0,0,0,0,5,0,1,Illegal Parking,51,ZCTA5 11422,32786.0,93397.0,32620.0,2395.0,2430.0,27518.0,2887.0,0.0734212139791539
11423,331,0,0,0,8,0,0,0,1,0,0,0,0,0,0,30,0,0,0,0,9,0,0,0,0,1,0,0,0,2,4,0,0,9,10,3,0,0,0,1,0,0,3,0,1,0,0,0,3,1,0,0,0,0,1,16,1,0,0,5,0,0,1,0,0,11,0,71,0,1,0,1,0,0,0,0,1,0,0,0,0,0,0,14,0,0,0,0,6,6,0,0,0,14,12,0,2,0,0,4,0,3,2,5,0,0,0,0,0,0,1,0,2,1,0,0,1,0,0,12,5,0,0,0,0,9,4,1,1,0,0,0,0,0,0,0,1,5,3,0,0,0,0,0,0,0,0,0,3,0,0,19,0,0,Illegal Parking,71,ZCTA5 11423,29532.0,70990.0,29124.0,2983.0,3767.0,11223.0,4025.0,0.10242411756626837
11426,167,0,0,0,9,2,0,0,0,0,0,0,0,0,0,7,0,0,0,0,9,0,0,0,0,0,0,0,0,0,3,0,3,6,2,2,0,0,0,0,0,0,0,0,2,0,1,0,0,1,0,0,0,0,0,3,0,0,0,0,0,0,2,0,0,1,0,21,1,0,0,0,0,1,0,0,0,0,0,0,0,0,5,23,0,0,0,0,1,0,0,0,0,4,2,0,2,0,0,1,0,9,0,0,0,0,0,3,0,0,0,0,1,2,2,0,0,0,0,5,1,0,0,1,0,9,3,0,0,1,0,0,0,0,0,0,1,0,0,0,0,0,0,0,0,0,0,0,0,1,0,14,0,0,Missed Collection,23,ZCTA5 11426,20222.0,102770.0,20095.0,1291.0,6927.0,1219.0,3977.0,0.06424483702413536
11427,130,0,3,0,3,0,0,0,0,0,0,0,0,0,0,5,0,0,0,0,1,1,0,0,0,0,0,0,0,2,7,0,2,6,1,2,0,0,0,0,0,0,0,0,1,0,0,0,0,0,0,0,0,0,1,0,0,0,0,5,2,0,0,0,0,6,0,23,0,1,0,0,0,0,0,0,1,0,0,0,0,0,2,11,0,0,0,0,1,0,0,0,0,6,2,0,0,0,0,0,0,3,0,1,2,0,0,0,0,0,0,0,0,2,2,0,0,0,0,5,0,0,0,0,0,10,3,0,2,0,0,0,0,0,0,0,0,0,2,0,0,0,0,0,0,0,0,0,1,0,0,2,0,0,Illegal Parking,23,ZCTA5 11427,25096.0,81688.0,24595.0,2229.0,5949.0,5452.0,5200.0,0.0906281764586298
11428,150,0,4,0,7,0,0,0,1,0,0,0,0,0,0,14,0,1,0,0,4,0,0,0,0,0,0,0,1,1,4,0,0,1,3,1,0,0,0,0,0,0,0,0,0,0,0,2,1,0,0,0,0,0,0,0,0,0,0,14,0,0,0,0,0,3,0,14,0,0,0,0,0,0,0,0,1,0,0,0,0,0,0,11,0,0,0,1,0,2,0,0,0,15,1,0,0,0,0,5,0,5,0,0,0,0,0,0,0,0,0,0,0,1,3,0,0,0,0,9,0,0,0,0,0,8,1,0,0,0,0,0,0,0,0,0,0,4,2,0,0,0,0,0,0,0,0,0,0,0,0,5,0,0,Noise - Residential,15,ZCTA5 11428,19830.0,77466.0,19797.0,1554.0,3483.0,3888.0,4774.0,0.07849674193059554
11429,415,0,1,0,11,0,0,0,1,0,0,0,0,0,0,11,0,0,0,0,5,0,0,0,0,2,0,0,1,1,4,0,1,2,9,8,0,0,0,0,0,0,3,0,0,0,0,0,0,0,0,0,0,0,2,2,0,0,0,4,0,1,0,4,0,9,0,33,7,0,0,0,0,0,0,0,0,0,0,0,0,0,2,4,0,0,0,3,2,0,0,1,0,224,5,1,0,0,0,4,0,1,0,1,0,0,0,0,0,0,0,0,0,1,2,2,0,0,0,5,3,0,0,0,0,18,5,0,0,0,0,0,0,0,0,0,0,0,1,0,0,0,0,0,0,0,0,0,0,0,0,8,0,0,Noise - Residential,224,ZCTA5 11429,27808.0,82532.0,27427.0,2448.0,1161.0,19879.0,3990.0,0.08925511357421519
11430,108,0,0,0,0,0,0,0,0,0,0,0,0,0,0,0,0,0,0,0,0,0,0,0,0,0,0,0,0,0,0,0,0,0,1,0,0,0,0,0,0,0,0,0,0,0,0,0,0,1,0,19,0,0,0,0,0,1,0,0,0,0,0,0,0,0,0,3,0,0,0,0,0,0,0,0,0,0,0,0,22,0,0,0,0,0,0,0,0,0,0,0,0,0,0,0,0,0,0,0,0,0,0,0,0,0,0,0,0,0,0,0,0,0,0,0,0,0,0,0,0,0,0,0,0,3,2,0,0,0,0,0,48,2,4,0,0,2,0,0,0,0,0,0,0,0,0,0,0,0,0,0,0,0,Taxi Complaint,48,ZCTA5 11430,220.0,-666666666.0,214.0,157.0,51.0,146.0,66.0,0.7336448598130841
11432,638,0,5,0,7,0,0,0,2,0,0,0,0,0,0,22,2,1,0,1,5,1,0,0,0,3,0,0,2,6,4,1,4,5,6,9,0,1,0,142,0,1,6,1,0,3,0,1,4,2,0,1,0,0,5,8,0,0,0,27,0,0,0,0,0,19,0,69,0,1,0,0,0,0,0,0,1,0,0,1,0,1,2,21,37,0,0,0,3,5,0,0,0,60,15,2,0,0,0,0,0,1,5,14,1,0,0,0,0,0,1,0,2,2,1,2,1,0,1,5,6,1,0,0,0,11,4,0,1,1,0,0,0,0,0,0,2,7,25,0,0,0,0,0,0,0,4,1,2,3,0,9,0,0,Drug Activity,142,ZCTA5 11432,64282.0,66270.0,60486.0,8260.0,11250.0,11532.0,13382.0,0.13656052640280394
11433,337,0,3,0,15,0,0,0,0,0,0,0,0,0,0,29,0,0,0,0,5,0,0,0,0,1,0,0,0,0,2,0,5,1,11,11,0,0,0,0,0,0,2,2,0,0,0,2,1,0,0,0,0,0,5,1,1,0,0,12,0,1,0,0,0,16,0,31,0,0,0,0,0,0,0,1,0,0,0,1,0,1,1,13,10,0,0,1,1,1,0,0,0,28,26,2,2,0,1,14,0,1,3,5,0,0,0,0,0,0,0,0,4,1,2,4,0,0,0,9,1,1,0,0,0,6,5,0,0,0,1,0,0,0,0,0,0,1,10,0,0,0,0,0,0,0,0,1,1,1,0,20,0,0,Illegal Parking,31,ZCTA5 11433,36929.0,62453.0,36636.0,4607.0,1845.0,22808.0,5332.0,0.12575062779779453
11434,500,0,4,0,36,0,0,0,0,0,0,0,0,0,1,32,0,2,0,0,2,0,0,0,1,4,0,0,1,2,4,0,0,3,13,9,0,0,0,0,1,5,4,0,1,0,0,0,1,1,1,2,0,0,2,6,0,0,0,8,0,0,1,0,0,14,0,84,0,0,0,0,2,0,0,0,2,0,0,0,0,0,1,11,0,0,0,0,6,7,0,0,9,62,25,6,5,0,0,9,0,5,2,9,1,0,0,0,0,0,0,0,0,2,5,0,2,0,0,11,5,0,0,0,2,19,3,0,0,0,0,0,0,0,0,0,1,9,8,0,0,0,0,0,0,0,0,1,0,3,0,22,0,0,Illegal Parking,84,ZCTA5 11434,62590.0,65845.0,61109.0,5849.0,2657.0,52093.0,5910.0,0.09571421558199283
11435,576,0,5,0,11,0,0,0,6,1,0,0,0,0,0,44,1,2,0,0,3,0,0,0,0,6,0,0,1,9,1,0,2,3,0,11,0,1,0,1,0,1,4,0,0,4,0,1,2,3,2,1,0,0,3,7,2,0,0,28,0,0,4,0,0,13,0,83,0,0,0,1,0,0,0,0,2,0,0,0,0,0,0,14,9,0,0,0,10,2,0,0,0,110,11,10,2,0,0,11,0,5,13,8,0,0,0,0,0,0,1,0,6,3,2,0,1,0,0,8,5,1,0,0,0,16,4,1,2,0,0,0,0,0,0,0,1,3,31,2,0,1,1,0,0,0,0,0,10,0,0,3,0,0,Noise - Residential,110,ZCTA5 11435,59392.0,69873.0,58402.0,8727.0,10510.0,15490.0,18296.0,0.14942981404746414
11436,193,0,0,0,10,2,0,0,0,0,0,0,0,0,0,25,0,0,0,0,5,0,0,0,0,1,0,0,0,1,2,0,0,1,1,6,0,2,0,0,0,2,1,0,0,0,0,0,0,0,0,0,0,0,0,2,0,0,0,2,0,0,3,0,0,4,0,49,0,0,0,0,0,0,0,0,0,0,0,0,0,0,0,4,0,0,0,0,1,1,0,0,1,17,12,4,1,0,0,6,0,1,0,1,0,0,0,0,0,0,0,0,3,2,1,0,0,0,0,6,1,0,0,0,0,5,2,0,1,0,0,0,0,0,0,0,0,0,1,0,0,0,0,0,0,0,0,0,0,0,0,3,0,0,Illegal Parking,49,ZCTA5 11436,18955.0,72962.0,18824.0,1801.0,921.0,11560.0,2686.0,0.09567573310667234
11691,469,0,2,0,19,0,0,0,5,0,0,0,0,0,0,25,0,0,0,0,5,0,0,0,0,2,0,0,0,10,1,0,2,1,7,12,0,1,0,1,0,0,1,1,0,1,0,1,0,0,0,1,0,0,2,3,0,0,0,22,0,1,0,0,0,13,0,57,0,0,0,2,1,1,0,0,1,0,0,0,1,3,1,10,0,0,0,1,3,4,0,0,1,78,20,1,2,0,0,8,0,0,10,7,1,0,0,0,0,0,1,0,3,8,2,1,0,0,0,10,3,5,0,0,0,20,6,1,4,1,1,0,0,0,0,0,0,6,23,1,0,3,0,0,0,3,0,0,5,2,0,8,0,0,Noise - Residential,78,ZCTA5 11691,68454.0,52605.0,66179.0,12798.0,23448.0,31620.0,16089.0,0.19338460841052296
11692,125,0,1,0,0,0,0,2,0,0,0,0,0,0,0,6,0,0,0,0,1,0,0,0,0,0,0,0,1,2,1,0,3,1,3,1,0,0,0,0,0,0,1,0,0,1,0,0,1,1,1,0,0,0,5,1,0,0,0,1,0,0,0,0,0,2,0,2,0,0,0,0,0,0,0,0,1,0,0,1,0,0,0,5,0,0,0,0,0,7,0,0,1,28,4,3,0,0,0,0,0,0,2,1,0,0,0,0,0,0,0,0,2,0,0,1,0,0,0,1,0,0,0,0,0,1,2,1,2,1,1,0,0,0,0,0,0,1,10,1,0,0,0,0,0,0,0,0,1,0,0,9,0,0,Noise - Residential,28,ZCTA5 11692,22394.0,53077.0,21483.0,3984.0,4666.0,12579.0,5621.0,0.18544895964250804
11693,109,0,0,0,3,0,0,0,0,0,0,0,0,0,0,3,0,0,0,0,0,0,0,0,0,0,0,0,0,0,0,0,1,0,1,4,0,0,0,0,0,0,0,0,0,0,0,0,0,0,2,0,0,0,0,2,0,0,0,0,0,1,0,0,0,1,0,43,0,0,0,0,0,0,0,0,0,0,0,0,0,0,4,0,0,0,0,0,0,1,0,0,4,12,2,2,0,0,0,0,0,1,0,0,0,0,0,0,0,0,0,0,2,0,0,0,0,0,0,3,0,1,0,1,0,2,3,0,0,1,1,0,0,0,0,0,0,1,0,0,0,1,0,0,0,0,1,0,0,0,0,5,0,0,Illegal Parking,43,ZCTA5 11693,13029.0,52946.0,12836.0,2150.0,7734.0,2813.0,3713.0,0.16749766282330944
11694,248,0,1,0,5,1,0,3,0,0,0,0,0,0,0,3,2,0,0,0,0,0,0,0,0,0,0,0,1,0,3,0,0,3,5,2,0,0,0,0,0,0,0,0,0,7,0,0,0,0,0,0,0,0,0,6,0,0,0,37,0,0,0,0,0,2,0,29,0,0,0,0,0,0,0,0,1,0,0,0,0,2,14,2,0,0,0,0,3,8,0,0,0,23,9,0,2,0,0,1,0,1,0,2,0,0,2,0,0,0,1,0,1,0,2,0,0,0,0,5,2,0,0,0,0,10,34,4,1,1,0,0,0,0,0,0,0,2,2,0,0,0,0,0,0,0,1,0,1,0,0,1,0,0,HEAT/HOT WATER,37,ZCTA5 11694,21258.0,87755.0,20280.0,2076.0,17045.0,1234.0,4115.0,0.10236686390532544
11697,1,0,0,0,0,0,0,0,0,0,0,0,0,0,0,0,0,0,0,0,1,0,0,0,0,0,0,0,0,0,0,0,0,0,0,0,0,0,0,0,0,0,0,0,0,0,0,0,0,0,0,0,0,0,0,0,0,0,0,0,0,0,0,0,0,0,0,0,0,0,0,0,0,0,0,0,0,0,0,0,0,0,0,0,0,0,0,0,0,0,0,0,0,0,0,0,0,0,0,0,0,0,0,0,0,0,0,0,0,0,0,0,0,0,0,0,0,0,0,0,0,0,0,0,0,0,0,0,0,0,0,0,0,0,0,0,0,0,0,0,0,0,0,0,0,0,0,0,0,0,0,0,0,0,Building/Use,1,ZCTA5 11697,3527.0,116205.0,3527.0,144.0,3360.0,21.0,278.0,0.04082789906436065
11801,1,0,0,0,0,0,0,0,0,0,0,0,0,0,0,0,0,0,0,0,0,0,0,0,0,1,0,0,0,0,0,0,0,0,0,0,0,0,0,0,0,0,0,0,0,0,0,0,0,0,0,0,0,0,0,0,0,0,0,0,0,0,0,0,0,0,0,0,0,0,0,0,0,0,0,0,0,0,0,0,0,0,0,0,0,0,0,0,0,0,0,0,0,0,0,0,0,0,0,0,0,0,0,0,0,0,0,0,0,0,0,0,0,0,0,0,0,0,0,0,0,0,0,0,0,0,0,0,0,0,0,0,0,0,0,0,0,0,0,0,0,0,0,0,0,0,0,0,0,0,0,0,0,0,Consumer Complaint,1,ZCTA5 11801,40179.0,118286.0,40115.0,1671.0,23339.0,717.0,6276.0,0.041655241181602895
12345,1,0,0,0,0,0,0,0,0,0,0,0,0,0,0,0,0,0,0,0,0,0,0,0,0,0,0,0,0,0,0,0,0,0,0,0,0,0,0,0,0,0,0,0,0,0,0,0,0,0,0,0,0,0,0,0,0,0,0,0,0,0,0,0,0,0,0,0,0,0,0,0,0,0,0,0,0,0,0,0,0,0,0,0,0,0,0,0,0,0,0,0,0,0,0,0,0,0,0,0,0,0,1,0,0,0,0,0,0,0,0,0,0,0,0,0,0,0,0,0,0,0,0,0,0,0,0,0,0,0,0,0,0,0,0,0,0,0,0,0,0,0,0,0,0,0,0,0,0,0,0,0,0,0,PAINT/PLASTER,1,,,,,,,,,
19013,1,0,0,0,0,0,0,0,0,0,0,0,0,0,0,0,0,0,0,0,0,0,0,0,0,1,0,0,0,0,0,0,0,0,0,0,0,0,0,0,0,0,0,0,0,0,0,0,0,0,0,0,0,0,0,0,0,0,0,0,0,0,0,0,0,0,0,0,0,0,0,0,0,0,0,0,0,0,0,0,0,0,0,0,0,0,0,0,0,0,0,0,0,0,0,0,0,0,0,0,0,0,0,0,0,0,0,0,0,0,0,0,0,0,0,0,0,0,0,0,0,0,0,0,0,0,0,0,0,0,0,0,0,0,0,0,0,0,0,0,0,0,0,0,0,0,0,0,0,0,0,0,0,0,Consumer Complaint,1,ZCTA5 19013,35113.0,32431.0,31972.0,9838.0,6585.0,25026.0,3400.0,0.30770674340047544
55126,1,0,0,0,0,0,0,0,0,0,0,0,0,0,0,0,0,0,0,0,0,0,0,0,0,1,0,0,0,0,0,0,0,0,0,0,0,0,0,0,0,0,0,0,0,0,0,0,0,0,0,0,0,0,0,0,0,0,0,0,0,0,0,0,0,0,0,0,0,0,0,0,0,0,0,0,0,0,0,0,0,0,0,0,0,0,0,0,0,0,0,0,0,0,0,0,0,0,0,0,0,0,0,0,0,0,0,0,0,0,0,0,0,0,0,0,0,0,0,0,0,0,0,0,0,0,0,0,0,0,0,0,0,0,0,0,0,0,0,0,0,0,0,0,0,0,0,0,0,0,0,0,0,0,Consumer Complaint,1,ZCTA5 55126,27125.0,96636.0,27120.0,983.0,22960.0,933.0,818.0,0.03624631268436578
